Issued by Organization,Issued for Organization,Title,Opportunity ID,Procurement Method,Issued Date,Amendments,Closing Date,Successful Vendor,Successful Vendor Address,Successful Vendor Country,Award Total,Date Awarded
Product Distribution Centre ,Product Distribution Centre ,Goodstart/Perrigo Nutritional Products,216386,Contract Award Notice,2025-06-19,0,2025-06-19,Cardinal Health Canada Inc,1000 Tesma Way Vaughan Ontario CA,Canada,"$5,353.86",2025-06-30
Product Distribution Centre ,Product Distribution Centre ,Nestle Nutritional Products,216387,Contract Award Notice,2025-06-19,0,2025-06-19,Cardinal Health Canada Inc,1000 Tesma Way Vaughan Ontario CA,Canada,"$649,580.86",2025-06-30
Product Distribution Centre ,Product Distribution Centre ,Nutricia Products,216389,Contract Award Notice,2025-06-19,0,2025-06-19,Nutricia North America,100 Rue de Lauzon Boucherville Québec CA,Canada,"$459,512.16",2025-06-30
BC Timber Sales Branch ,Skeena ,EN26TIJ400 - Professional Engineering and Environmental Services ,EN26TIJ400,Invitation to Tender,2025-04-17,0,2025-05-13,Allnorth,5430 BC-16 Terrace British Columbia CA,Canada,"$158,770.00",2025-07-01
BC Timber Sales Branch ,Strait of Georgia ,"SD26TCG007 - Multiphase TSL Development – North Island, Pacific and South Central Coast TSAs",SD26TCG007,Invitation to Tender,2025-04-30,0,2025-05-28,Little River Resources (2021) Ltd.,2227 Steelhead Road Campbell River British Columbia CA,Canada,"$554,900.00",2025-07-01
BC Timber Sales Branch ,Okanagan-Columbia ,SD26TKR028 - Multi-phase Sales Development - CZ,SD26TKR028 - TOC,Invitation to Tender,2025-05-22,0,2025-06-12,Cabin Resource Management,Unit 2A 100 Kalamalka Lake Rd Vernon British Columbia CA,Canada,"$76,231.80",2025-07-01
BC Timber Sales Branch ,Peace-Liard ,SP26TDF001 - Site Preparation - Excavator Mounding in the Fort St. John Timber Supply Area,SP26TDF001,Invitation to Tender,2025-05-20,0,2025-06-17,Way North Developments Ltd.,13733 Cole Avenue Prespatou British Columbia CA,Canada,"$87,645.60",2025-07-02
Ministry of Forests,Ministry of Forests,"EN26474030 - Major Works – Bridge Replacement – K066, 15.9km Finn-Tum FSR",215161,Invitation to Tender,2025-05-23,3,2025-06-23,DEVERELL CONTRACTING LTD.,1157-12th street  Kamloops British Columbia CA,Canada,"$259,920.00",2025-07-02
Ministry of Health,Ministry of Health,Copy Editing Services,RFPHL2025-018,Request for Proposal,2025-04-02,2,2025-05-02,Talk Science to Me Communications Inc.,Cormorant St  Victoria British Columbia CA,Canada,"$60,000.00",2025-07-02
Ministry of Transportation and Transit,Northern Regional Office , Cycle 16 - Phase 3,38439MJ0000,Invitation to Tender,2025-05-16,2,2025-06-18,WEST HORIZON CONTRACTING,2943 BC-16E Smithers British Columbia CA,Canada,"$1,762,724.99",2025-07-02
BC Timber Sales Branch ,Skeena ,EN26TIJ413 - Skeena Carrigan Arch Pipe Install,EN26TIJ413,Invitation to Tender,2025-05-14,1,2025-06-17,WEST POINT RAIL & TIMBER CO. LTD.,1300 MORICE RIVER Rd Houston British Columbia CA,Canada,"$119,258.00",2025-07-03
Ministry of Transportation and Transit,Southern Interior Regional Office ,Highway 5 - Cove Creek Culvert Replacement,24732MJ0000,Invitation to Tender,2025-05-12,2,2025-06-06,Marwest Industries Ltd.,1700 Woodland Dr Castlegar British Columbia CA,Canada,"$2,385,434.60",2025-07-03
BC Timber Sales Branch ,Babine ,MP26TAB6400 - Multiphase Block and Road Layout in the Bulkley TSA,MP26TAB6400,Invitation to Tender,2025-05-15,0,2025-06-11,Silvicon Services,3560 Victoria Dr Smithers British Columbia CA,Canada,"$333,145.00",2025-07-06
Ministry of Transportation and Transit,Rehabilitation and Maintenance ,HIGHWAY MAINTENANCE CONTRACT RENEWAL SUPPORT,CMB20250317,Request for Proposal,2025-03-17,1,2025-04-07,Aquila Ventures Inc.,2111 33 St Vernon British Columbia CA,Canada,"$750,000.00",2025-07-06
Procurement Services Branch ,Ministry of Forests,Req 65083 SUPPLY AND INSTALL ONE(1) FLAT DECK KAMLOOPS 101477,5191668,Invitation to Quote,2025-06-10,0,2025-06-24,NxStar Systems Inc.,1315 Salish Rd Kamloops British Columbia CA,Canada,"$20,459.26",2025-07-06
BC Timber Sales Branch ,Kootenay ,MP26TFD010 Multiphase Development 2 - Kootenay Lake,MP26TFD010,Invitation to Tender,2025-05-21,0,2025-06-11,Timberland Consultants (2001),1907 Ridgewood Rd Central Kootenay F British Columbia CA,Canada,"$239,538.00",2025-07-07
BC Timber Sales Branch ,Ministry of Forests,CS26TBH001 - Professional Engineering Services,CS26TBH001,Invitation to Tender,2025-05-29,0,2025-06-26,CHARTWELL RESOURCE GROUP LTD.,275 Fell Ave North Vancouver British Columbia CA,Canada,"$39,840.00",2025-07-07
Ministry of Transportation and Transit,Southern Interior Regional Office ,Highway 8 Km 9 to Km 12 East of Spences Bridge Washouts Sites 12 - 15,26356MJ0002,Invitation to Tender,2025-05-29,3,2025-06-19,Nhwelmen Construction Limited Partnership,921 Laval Crescent Kamloops British Columbia CA,Canada,"$5,226,735.39",2025-07-07
Ministry of Transportation and Transit,South Coast Regional Office ,"Fulford-Ganges Road, Cusheon Creek Bridge No. 10502",18090MJ0001,Invitation to Tender,2025-05-22,2,2025-06-25,Windley Contracting Ltd,201 Selby St Nanaimo British Columbia CA,Canada,"$4,095,064.00",2025-07-07
BC Timber Sales Branch ,Okanagan-Columbia ,BR26TKN026 - Manual Brushing - SZ,BR26TKN026 - TOC,Invitation to Tender,2025-06-12,1,2025-06-27,All-Stars Silviculture Ltd.,207 Larsen Ave Enderby British Columbia CA,Canada,"$39,104.00",2025-07-08
Ministry of Forests,Ministry of Forests,EN26PGN329-Finlay-Chunamon FSR Realignment Legacy Section Deactivation-Phase 1,215082,Invitation to Tender,2025-05-23,2,2025-06-19,Chu Cho Industries LP,201-1940 3rd Ave Prince George British Columbia CA,Canada,"$345,576.00",2025-07-08
Ministry of Forests,Ministry of Forests,EN26PGN330 - Cunningham FSR 62km Bridge Construction G5-087,215605,Invitation to Tender,2025-06-03,1,2025-06-25,LinkBuild Construction Ltd. ,1005 Eastern St Prince George British Columbia CA,Canada,"$735,493.23",2025-07-08
Ministry of Transportation and Transit,Rehabilitation and Maintenance ,HIGHWAY MAINTENANCE CONTRACT RENEWAL SUPPORT,CMB20250317,Request for Proposal,2025-03-17,1,2025-04-07,Black Wolf Consulting Inc.,5203 Croil Ave Summerland British Columbia CA,Canada,"$750,000.00",2025-07-08
Ministry of Transportation and Transit,Rehabilitation and Maintenance ,HIGHWAY MAINTENANCE CONTRACT RENEWAL SUPPORT,CMB20250317,Request for Proposal,2025-03-17,1,2025-04-07,Black Wolf Consulting Inc.,5203 Croil Ave Summerland British Columbia CA,Canada,"$750,000.00",2025-07-08
Ministry of Transportation and Transit,Rehabilitation and Maintenance ,HIGHWAY MAINTENANCE CONTRACT RENEWAL SUPPORT,CMB20250317,Request for Proposal,2025-03-17,1,2025-04-07,KPMG,777 Dunsmuir St Vancouver British Columbia CA,Canada,"$750,000.00",2025-07-08
Ministry of Transportation and Transit,Northern Regional Office ,Graded Aggregate Sealcoat 2025/26 Smithers Area Side Roads (72.6 Lane Kms),38517MJ0000,Invitation to Tender,2025-06-11,1,2025-06-26,O.K. Industries Ltd.,6702 Rajpur Pl Saanichton British Columbia CA,Canada,"$4,799,525.00",2025-07-08
BC Timber Sales Branch ,Chinook ,EN26TBP003 - Grading and Minor Maintenance Works - Sunshine Coast Natural Resource District,EN26TBP003,Invitation to Tender,2025-06-02,0,2025-07-02,Tmd Machinery Ltd,289 N Shore Rd Lake Cowichan British Columbia CA,Canada,"$45,502.17",2025-07-09
Management Services Division ,Ministry of Housing and Municipal Affairs,ITT26UEL04 Hamber Rd. Watermain Replacement,ITT26UEL04,Request for Submissions,2025-06-11,1,2025-07-08,Cancon Construction Ltd.,Gladwin Rd  Abbotsford British Columbia CA,Canada,"$437,800.00",2025-07-09
Ministry of Forests,Engineering Branch ; Integrated Resource Operations Division ; Southern Engineering Group ,"EN26474022A - Major Works - Retaining Wall Replacement – RWS-0053, 9.6 km West Pavilion FSR",215619,Invitation to Tender,2025-06-04,2,2025-07-03,DEVERELL CONTRACTING LTD.,201C-1157-12TH Street Kamloops British Columbia CA,Canada,"$169,297.50",2025-07-09
"Ministry of Water, Land and Resource Stewardship",GEOBC ; Base Mapping ; GSR Database Management ,BC Datum Modernization Project - Zone 4,215079,Request for Proposal,2025-05-22,5,2025-06-19,Summit Land Surveying,Main St 1-2413  West Kelowna British Columbia CA,Canada,"$308,900.00",2025-07-09
Procurement Services Branch ,Ministry of Transportation and Transit,Req 377- 10 Sieve Stacks,5193831,Invitation to Quote,2025-06-23,0,2025-07-03,Arvita Trade,5525 West Blvd - Unit 464 Vancouver British Columbia CA,Canada,"$24,999.00",2025-07-09
Attorney General,Court Services Branch ; Procurement Services Branch ,BCSS Recruitment Campaign - Request For Proposals,215354,Request for Proposal,2025-05-28,0,2025-06-27,Shout,37 Cumberland St S Thunder Bay Ontario CA,Canada,"$150,000.00",2025-07-13
BC Timber Sales Branch ,Cariboo-Chilcotin ,SD26TLE001 - Check Cruising - Various Locations - Cariboo-Chilcotin Business Area,SD26TLE001,Invitation to Tender,2025-05-22,0,2025-06-24,Copper Canyon Consulting Ltd,8118 York Ave Crofton British Columbia CA,Canada,"$99,000.00",2025-07-13
BC Timber Sales Branch ,Kamloops ,EN26TEK496 – Oliver Creek FSR Road Repair – Kamloops TSA (Clearwater),EN26TEK496,Invitation to Tender,2025-05-23,1,2025-06-24,Borrow Enterprises Ltd,80 Camp Two Rd Clearwater British Columbia CA,Canada,"$561,500.17",2025-07-13
Ministry of Forests,Ministry of Forests,Mechanical Brushing  - Multiple Forest Service Roads in the Rocky Mountain Forest District,EN26DRM0005,Invitation to Tender,2025-06-04,0,2025-07-02,C.HI.L. Logging Ltd.,1901 Theatre Rd Cranbrook British Columbia CA,Canada,"$85,387.40",2025-07-13
Ministry of Transportation and Transit,Southern Interior Regional Office ,Highway No. 97 North Beach Slide Stabilization ,26323MJ0000,Invitation to Tender,2025-05-26,6,2025-07-03,Emil Anderson Construction (EAC) Inc.,966 Crowley Ave Kelowna British Columbia CA,Canada,"$23,187,001.00",2025-07-13
Ministry of Transportation and Transit,South Coast Regional Office ,Renfrew Road Washout Remediation ,18081MJ0000,Invitation to Tender,2025-06-03,2,2025-07-03,Windley Contracting Ltd,3711 Shenton Rd Nanaimo British Columbia CA,Canada,"$1,567,220.00",2025-07-13
Ministry of Forests,Natural Resource Operations - Cranbrook ,Deactivation of the Old Kootenay FSR 0105.34 form 0.905km - 3.553 km,EN26DRM0003,Invitation to Tender,2025-05-20,4,2025-07-10,C.HI.L. Logging Ltd.,1901 Theatre Rd Cranbrook British Columbia CA,Canada,"$145,749.45",2025-07-14
Ministry of Forests,Ministry of Forests,Post Wildfire Silviculture Surveys in the Rocky Mountain Forest District,SU26DRM0001,Request for Proposal,2025-06-04,1,2025-07-03,VAST Resource Solutions Inc.,304 Industrial Road G Cranbrook British Columbia CA,Canada,"$38,380.53",2025-07-14
Ministry of Forests,Forest Analysis and Inventory Branch ,Mackenzie Change Monitoring Inventory (CMI) – Young Stand Monitoring (YSM) Sampling,OT26FHQ057,Request for Proposal,2025-06-06,0,2025-06-27,Hatch Woodlands Ltd.,2073 Fulford-Ganges Rd Saltspring Island British Columbia CA,Canada,"$159,550.00",2025-07-14
Ministry of Transportation and Transit,Rehabilitation and Maintenance ,HIGHWAY MAINTENANCE CONTRACT RENEWAL SUPPORT,CMB20250317,Request for Proposal,2025-03-17,1,2025-04-07,Neon Consulting Ltd. ,845 Waterloo Rd Castlegar British Columbia CA,Canada,"$750,000.00",2025-07-14
Ministry of Transportation and Transit,South Coast Regional Office ,"Asphalt Resurf.: H4 Port Alberni Area, Taylor River Flats Bridge to Sutton Pass Summit (7 Lane Km)",17207MJ2025,Invitation to Tender,2025-06-13,1,2025-07-08,Amrize Canada Inc.,61 Nanaimo River Rd Nanaimo British Columbia CA,Canada,"$2,732,148.75",2025-07-14
Ministry of Forests,Ministry of Forests,"Post-Wildfire Planting Eligibility Reconnaissance, Surveys, and Layout",SU26DMH004,Request for Proposal,2025-05-01,0,2025-06-05,Zanzibar,570 Granville St Vancouver British Columbia CA,Canada,"$270,000.00",2025-07-15
Ministry of Transportation and Transit,Indigenous Relations and Property Services ,Southern Interior Region - Land Agent Services,212751,Request for Proposal,2025-06-12,1,2025-06-26,Iridium Consulting Ltd,2714 Thompson Dr Kamloops British Columbia CA,Canada,"$400,000.00",2025-07-15
Ministry of Transportation and Transit,Indigenous Relations and Property Services ,Southern Interior Region - Land Agent Services,212751,Request for Proposal,2025-06-12,1,2025-06-26,Stites Consulting Inc.,710 Laval Crescent Kamloops British Columbia CA,Canada,"$400,000.00",2025-07-15
Ministry of Transportation and Transit,Indigenous Relations and Property Services ,Southern Interior Region - Land Agent Services,212751,Request for Proposal,2025-06-12,1,2025-06-26,GCP Property Consultants,240 Rue Cheval Noir Thompson-Nicola J (Copper Des* British Columbia CA,Canada,"$400,000.00",2025-07-15
Ministry of Transportation and Transit,Indigenous Relations and Property Services ,Southern Interior Region - Land Agent Services,212751,Request for Proposal,2025-06-12,1,2025-06-26,Shuswap Land Services,1087 Tappen Notch Hill Rd Tappen British Columbia CA,Canada,"$400,000.00",2025-07-15
Ministry of Transportation and Transit,Peace District Office ),AS & WHEN REQUIRED HIRED EQUIPMENT SUPERVSION SERVICES,RFP-PEACEHES20250604,Request for Proposal,2025-06-04,0,2025-06-18,A.C.L. Construction Ltd.,9611 112 St Fort St. John British Columbia CA,Canada,"$250,000.00",2025-07-15
Ministry of Transportation and Transit,Peace District Office ),AS & WHEN REQUIRED HIRED EQUIPMENT SUPERVSION SERVICES,RFP-PEACEHES20250604,Request for Proposal,2025-06-04,0,2025-06-18,Brocor Construction Ltd,2727 Water Treatment Rd Dawson Creek British Columbia CA,Canada,"$250,000.00",2025-07-15
Procurement Services Branch ,Ministry of Transportation and Transit,Req 382 - Asphalt Content Tester,217398,Invitation to Quote,2025-07-16,0,2025-07-16,"Hoskin Scientific, Ltd",3735 Myrtle St Burnaby British Columbia CA,Canada,"$59,980.00",2025-07-15
Procurement Services Branch ,Ministry of Transportation and Transit,Req 372 Lightweight EPS foam and Geotextile Products,5192604,Invitation to Quote,2025-06-24,0,2025-07-04,Titan Environmental Containment,111 Juniper Bay Ile des Chęnes Manitoba CA,Canada,"$143,103.97",2025-07-16
Ministry of Transportation and Transit,Southern Interior Regional Office ,Highway 8 Km 6 to Km 8 East of Spences Bridge Washouts Sites 16-19,26355MJ0001,Invitation to Tender,2025-05-30,2,2025-06-27,DAWSON CIVIL LTD.,1495 Iron Mask Rd Kamloops British Columbia CA,Canada,"$4,754,433.62",2025-07-17
Ministry of Transportation and Transit,Southern Interior Regional Office ,Southern Interior Region Rumble Strip Program,26104MJ2025,Invitation to Tender,2025-06-12,1,2025-07-09,DUNWELL INNOVATIONS INC,4060 Todd Rd Kelowna British Columbia CA,Canada,"$793,640.00",2025-07-17
Procurement Services Branch ,Ministry of Citizens' Services,RCSA - ON-214769 - Galvanized Steel Pipes and Pipe Arches,RCSA - ON-214769 - Galvanized Steel Pipes and Pipe Arches,Request for Corporate Supply Arrangement,entered 2025-07-18,0,    ,Armtec,5741 Production Way Langley British Columbia CA,Canada,$0.00,2025-07-17
Procurement Services Branch ,Ministry of Citizens' Services,RCSA - ON-214769 - Galvanized Steel Pipes and Pipe Arches,RCSA - ON-214769 - Galvanized Steel Pipes and Pipe Arches,Request for Corporate Supply Arrangement,entered 2025-07-18,0,    ,Atlantic Industries Limited,4155 Crozier Road Spallumcheen British Columbia CA,Canada,$0.00,2025-07-17
Procurement Services Branch ,Ministry of Public Safety and Solicitor General, Req 8831 Upfit install of Dry Van box and power endgate,5193727,Invitation to Quote,2025-07-03,0,2025-07-14,Felix Technology Inc,270 Drumlin Cir - Unit 6 Concord Ontario CA,Canada,"$66,500.00",2025-07-17
BC Timber Sales Branch ,Cariboo-Chilcotin ,MP26TLE010 Multiphase Timber Sale License Development – Various Locations – Williams Lake Timber Supply Area,MP26TLE010,Invitation to Tender,2025-05-14,1,2025-06-17,Forsite Consultants Ltd,767 Pigeon Ave Williams Lake British Columbia CA,Canada,"$466,930.00",2025-07-20
Ministry of Forests,Integrated Resource Operations Division ; Engineering Branch ; Southern Engineering Group ,EN26474021 - Major Works – Road Realignment and Improvement at 38-45 km Cunningham Pass FSR,214330,Invitation to Tender,2025-05-09,5,2025-06-25,Way Out West Contracting Ltd.,2950 Belcarra Rd Quesnel British Columbia CA,Canada,"$284,476.62",2025-07-20
Ministry of Transportation and Transit,Rehabilitation and Maintenance ,HIGHWAY MAINTENANCE CONTRACT RENEWAL SUPPORT,CMB20250317,Request for Proposal,2025-03-17,1,2025-04-07,WSP Canada Inc.,3600 Uptown Blvd Victoria British Columbia CA,Canada,"$750,000.00",2025-07-20
Ministry of Transportation and Transit,Ministry of Transportation and Transit,As and When Geotechnical Engineering Services - Northern Region,34-9515-2025,Request for Proposal,2025-06-03,1,2025-07-03,WSP Canada Inc.,3456 Opie Crescent Prince George British Columbia CA,Canada,"$4,000,000.00",2025-07-20
Procurement Services Branch ,Ministry of Citizens' Services,RCSA-Open Bottom Culvert Pipe and Fittings,RCSA-Open Bottom Culvert Pipe and Fittings,Request for Corporate Supply Arrangement,entered 2025-07-22,0,    ,Atlantic Industries Limited,4155 Crozier Rd Spallumcheen British Columbia CA,Canada,$0.00,2025-07-20
Procurement Services Branch ,Ministry of Citizens' Services,RCSA-Open Bottom Culvert Pipe and Fittings,RCSA-Open Bottom Culvert Pipe and Fittings,Request for Corporate Supply Arrangement,entered 2025-07-22,0,    ,Armtec,5741 Production Way Langley British Columbia CA,Canada,$0.00,2025-07-20
Procurement Services Branch ,Ministry of Citizens' Services,RCSA-HDPE Pipe and Fittings,RCSA-HDPE Pipe and Fittings,Request for Corporate Supply Arrangement,entered 2025-07-23,0,    ,Armtec,5741 Production Way Langley British Columbia CA,Canada,$0.00,2025-07-20
Procurement Services Branch ,Ministry of Public Safety and Solicitor General,Req 8830 Upfitting dump box and electrical on F550,5193714,Invitation to Quote,2025-07-03,0,2025-07-16,Drive Products Inc,19150 96 Ave Surrey British Columbia CA,Canada,"$31,242.00",2025-07-20
BC Timber Sales Branch ,Kamloops ,EN26TEK490 - Fencing - Kamloops Business Area,EN26TEK490,Invitation to Tender,2025-05-15,0,2025-06-05,Winco Earthworks Ltd,4207 Mikkelson Frontage Rd Tappen British Columbia CA,Canada,"$90,560.00",2025-07-21
BC Timber Sales Branch ,Babine ,EN26TAH6501 - Babine Business Area Drilling and Blasting,EN26TAH6501,Invitation to Tender,2025-06-12,0,2025-07-09,Blastpro Construction Ltd,N Poulton Ave  Houston British Columbia CA,Canada,"$85,875.00",2025-07-21
Procurement Services Branch ,Ministry of Environment and Parks,Req 43446 Type I Picnic Table Boards - QTY 325,5194022,Invitation to Quote,2025-07-08,0,2025-07-21,Ennadai Woodworks,1497 Kashmir Ct Golden British Columbia CA,Canada,"$67,275.00",2025-07-21
Ministry of Environment and Parks,Ministry of Environment and Parks,Engineering and Construction Services for Skihist Park Building Replacement,CP26BCPDF0005,Request for Proposal,2025-05-22,2,2025-06-26,MQN ARCHITECTS,3313 32 St Vernon British Columbia CA,Canada,"$157,651.00",2025-07-22
Ministry of Forests,Ministry of Forests,WILDFIRE RISK REDUCTION POST-TREATMENT ASSESSMENTS ,SU26DMH026,Invitation to Tender,2025-06-19,0,2025-07-17,BlackBrook Consulting,4153 Horsefly Rd 150 Mile House British Columbia CA,Canada,"$47,959.57",2025-07-22
Procurement Services Branch ,Ministry of Transportation and Transit,"Req 381 - SUPPLY, FABRICATION, STORAGE AND DELIVERY OF BRIDGE COMPONENTS ",5196720,Invitation to Quote,2025-07-08,0,2025-07-21,Rapid-Span Precast Limited Partnership,1145 Industrial Dr Armstrong British Columbia CA,Canada,"$630,800.00",2025-07-22
Ministry of Environment and Parks,BC Parks - Provincial Services Branch ,Red Bluff Park Breakwater Construction ,210274,Invitation to Tender,2025-05-06,2,2025-06-05,WEST POINT RAIL & TIMBER CO. LTD.,1300 MORICE RIVER Rd Houston British Columbia CA,Canada,"$328,532.04",2025-07-23
Ministry of Forests,Ministry of Forests,"PL26DSE003 - SPRING/FALL TREE PLANTING – FIP FUNDED / BRIGGS CREEK, MONUMENT CREEK, AKOKLI AND BLAZE",PL26DSE003,Request for Proposal,2025-04-10,6,2025-07-18,Rhino Reforestation Services Inc,180 Rondane Crescent Prince George British Columbia CA,Canada,"$533,110.97",2025-07-23
Ministry of Transportation and Transit,South Coast Regional Office ,RISP #39596; RFP-ENV20250514 As-and-when Invasive Plant Management Services in the South Coastal Region,214648,Request for Proposal,2025-05-14,0,2025-05-28,Kathy Ma PAg,200 Newport Dr Port Moody British Columbia CA,Canada,"$200,000.00",2025-07-23
Ministry of Transportation and Transit,Southern Interior Regional Office ,"Hwy 3 Mackie FSR to Castlegar, Hwy 6 Pass Cr Rd to Storbo Rd and Robson Rd HIP Recycling (63.5 LKM)",26620MJ0000,Invitation to Tender,2025-06-25,2,2025-07-16,Peters Bros. Construction Ltd.,716 Okanagan Ave E Penticton British Columbia CA,Canada,"$4,817,211.00",2025-07-23
Procurement Services Branch ,Ministry of Citizens' Services,Trades Training Materials Printing RFP,213467,Request for Proposal,2025-04-30,1,2025-05-28,Hemlock Connect,110-11388 No 5 Road Richmond British Columbia CA,Canada,"$2,000,000.00",2025-07-23
Ministry of Forests,Engineering Branch ; Integrated Resource Operations Division ; Southern Engineering Group ,"EN26474029-Professional Engineer Close Proximity Bridge Inspection, Reports and Load Ratings on Forest Service Roads within the Province of British Columbia",215491,Request for Proposal,2025-06-02,1,2025-06-23,StoneCroft Engineering Ltd.,Airport Dr 2218-B  Campbell River British Columbia CA,Canada,"$141,379.99",2025-07-24
Ministry of Forests,Resource Operations - Sea to Sky ,"2025 Fall Tree Planting and Danger Tree Assessing/Falling, Mt. Athelstan Fire, Upper Lillooet, Soo TSA",216179,Request for Proposal,2025-06-16,0,2025-07-14,GBF Technical Forestry Inc.,46175 Fifth Ave Chilliwack British Columbia CA,Canada,"$182,359.50",2025-07-24
Ministry of Transportation and Transit,South Coast Regional Office ,"Mini Road Slide, Cowichan Bay Slope Failure Remediation And Drainage Improvements ",18122MJ0000,Invitation to Tender,2025-06-11,3,2025-07-16,Milestone Equipment Contracting,1930 Island Diesel Way Nanaimo British Columbia CA,Canada,"$1,609,689.45",2025-07-24
Procurement Services Branch ,Ministry of Health,Req 9529 AccuRoute Maintenance and Support Renewal Aug 9/25 to Aug 8/26,5200802,Invitation to Quote,2025-07-22,0,2025-07-22,"Upland Software, Inc.",P.O. Box 205921 Dallas Texas  US,United States,"$18,339.20",2025-07-24
BC Timber Sales Branch ,Chinook ,EN26TBH007 - Squamish Road and Bridge Construction,EN26TBH007,Invitation to Tender,2025-06-05,0,2025-07-03,Boreal West Forestry Ltd ,PO BOX 47 70 mile house British Columbia CA,Canada,"$596,805.00",2025-07-27
BC Timber Sales Branch ,Okanagan-Columbia ,PD26TKP035 - Timber Reconnaissance and Forest Professional Services,PD26TKP035 - TOC,Invitation to Tender,2025-06-12,1,2025-06-26,Strategic Natural Resource Consultants,931 Great St Prince George British Columbia CA,Canada,"$88,668.70",2025-07-27
BC Timber Sales Branch ,Kamloops ,SD26TEJ204 - Check Cruising – Various Locations – Kamloops Business Area,SD26TEJ204,Invitation to Tender,2025-06-18,1,2025-07-10,COPPER CANYON CONSULTING LTD.,8118 York Ave Crofton British Columbia CA,Canada,"$31,600.00",2025-07-27
Ministry of Environment and Parks,BC Parks - Provincial Services Branch ,Tribune Bay Campground Improvements,CP26NIS008,Request for Proposal,2025-05-09,4,2025-06-19,SVEMY CONSTRUCTION LTD.,161 7070 Farrell Rd SE  Calgary Alberta CA,Canada,"$6,600,479.00",2025-07-27
Ministry of Environment and Parks,Recreation Sites and Trails Branch,Picnic Table Bases - Parks and Recreation Merritt & Kamloops,216990,Request for Proposal,2025-07-07,1,2025-07-25,JC King Contracting Inc.,2221 13 Ave Invermere British Columbia CA,Canada,"$28,000.00",2025-07-27
Ministry of Forests,BC Wildfire Service ,"Task Force Wildfire Control Line Construction Services - Vanderhoof, Lillooet, and Quesnel Fire Zones",OP26WHQ0319,Request for Proposal,2025-06-17,5,2025-07-04,Summit Blasting Ltd,BC-99  Lillooet British Columbia CA,Canada,$0.00,2025-07-27
Ministry of Forests,BC Wildfire Service ,"Task Force Wildfire Control Line Construction Services - Vanderhoof, Lillooet, and Quesnel Fire Zones",OP26WHQ0319,Request for Proposal,2025-06-17,5,2025-07-04,Mazereeuw Timber Ltd.,783 Trans-Canada Hwy Vanderhoof British Columbia CA,Canada,$0.00,2025-07-27
Ministry of Transportation and Transit,Southern Interior Regional Office ,"Trans Canada Hwy No. 1, Sackum Overhead No. 1491 Replacement and Approaches",23040MJ0000,Invitation to Tender,2025-05-23,6,2025-07-08,Enviro-Ex Contracting Ltd.,1725 Theodore Rd Prince George British Columbia CA,Canada,"$22,577,948.40",2025-07-27
Procurement Services Branch ,Ministry of Transportation and Transit,Req 375 - Wood Utility Poles and Braces,5193783,Invitation to Quote,2025-06-10,0,2025-06-20,Stella-Jones Inc.,"3100 Bd de la Côte Vertu, Suite 300 Saint-Laurent Québec CA",Canada,"$39,969.97",2025-07-27
Ministry of Environment and Parks,BC Parks - Provincial Services Branch ,Smuggler Cove Boardwalk Replacement and Trail Improvements,214650,Request for Proposal,2025-05-14,1,2025-06-27,EcoBillet Solutions Ltd.,9800 McDonald Park Rd Sidney British Columbia CA,Canada,"$471,205.68",2025-07-28
Ministry of Forests,Forest Analysis and Inventory Branch ,CARIBOO NATIONAL FOREST INVENTORY (NFI) SAMPLING,OT26FHQ015,Request for Proposal,2025-04-08,0,2025-04-29,ECORA ENGINEERING & ENVIRONMENTAL LTD.,2045 Enterprise Way Kelowna British Columbia CA,Canada,"$139,542.00",2025-07-28
Ministry of Forests,Resource Operations - Chilliwack ,Proposal CS26LMN004 for HOPE WILDLAND URBAN INTERFACE WILDFIRE RISK REDUCTION PLAN (WRR PLAN),CS26LMN004,Request for Proposal,2025-06-11,1,2025-07-09,Frontera,46360 Airport Rd Chilliwack British Columbia CA,Canada,"$70,140.00",2025-07-28
Ministry of Forests,Ministry of Forests,"Supply 4900 lineal feet of No2 or better grade 3"" x 10"" untreated rough sawn Douglas Fir Planks, minimum 10' lengths, for structure number(s) G1-010 and 4000 Galvanized Common Spikes 150mm len",Competition Notice: 2526-1008,Other: Procurement Type,entered 2025-08-21,0,    ,Stinger Welding Ltd,9144 Penn Rd Prince George British Columbia CA,Canada,"$25,555.00",2025-07-29
Ministry of Forests,Resource Operations - Chilliwack ,Harrison Hot Springs WUI WRR Plan,CS26LMN005,Request for Proposal,2025-06-17,2,2025-07-23,Blackwell Consulting Ltd.,46360 Airport Rd Chilliwack British Columbia CA,Canada,"$72,500.00",2025-07-29
BC Timber Sales Branch ,Skeena ,PD26TIA300 - Timber Reconnaissance in the Nass TSA ,PD26TIA300,Invitation to Tender,2025-06-17,0,2025-07-15,Silvicon Services,3560 Victoria Dr Smithers British Columbia CA,Canada,"$22,215.00",2025-07-30
Liquor Distribution Branch,Liquor Distribution Branch,RFP2025-06-06 Wholesale Locksmith Supplies,214370,Request for Proposal (BPS),2025-05-08,1,2025-06-06,BG Distribution,1095 Algoma Rd ottawa Ontario CA,Canada,"$150,000.00",2025-07-30
Ministry of Forests,Ministry of Forests,Bridge Repair South Rocky Mountain Forest District,EN26DRM0010,Invitation to Tender,2025-06-12,0,2025-07-14,C.HI.L. Logging Ltd.,1901 Theatre Rd Cranbrook British Columbia CA,Canada,"$75,700.00",2025-07-30
"Ministry of Water, Land and Resource Stewardship","Ministry of Water, Land and Resource Stewardship",Notice of Intent to Direct Award - GPS/Pinpoint Tags,218172,Contract Award Notice,2025-07-31,0,2025-07-31,Lotek Wireless Inc,115 Pony Dr Newmarket Ontario CA,Canada,"$20,000.00",2025-07-30
Ministry of Transportation and Transit,Southern Interior Regional Office ,Southern Interior Region Inlaid Durable Line Marking,25342MJ2026,Invitation to Tender,2025-06-17,1,2025-07-17,Infinite Roadmarking Ltd,30755 Simpson Rd Abbotsford British Columbia CA,Canada,"$636,449.35",2025-07-31
Ministry of Transportation and Transit,Southern Interior Regional Office ,Highway 97 Trepanier Bench Intersection Improvements,25258MJ0000,Invitation to Tender,2025-06-30,2,2025-07-23,TwinCon Enterprises Ltd. ,1850 Camrose St Penticton British Columbia CA,Canada,"$2,999,999.99",2025-07-31
Product Distribution Centre ,Product Distribution Centre ,Manfred Sauer Products,216384,Contract Award Notice,2025-06-19,0,2025-06-19,Chair Stuff Sales,1156 Kingsway Vancouver British Columbia CA,Canada,"$132,145.32",2025-07-31
BC Timber Sales Branch ,Strait of Georgia ,EN26TCA006 - Campbell River Road Maintenance,EN26TCA006,Invitation to Tender,2025-06-19,0,2025-07-16,Night Train Contracting,5300 Duncan Bay Rd Campbell River British Columbia CA,Canada,"$278,215.00",2025-08-04
BC Timber Sales Branch ,Kootenay ,EN26TFM011 Robb & Rossiter FSR Construction Kootenay Lake,EN26TFM011,Invitation to Tender,2025-06-25,0,2025-07-16,Turner Excavating Ltd,1907 Ridgewood Rd Nelson British Columbia CA,Canada,"$195,394.00",2025-08-04
Ministry of Agriculture and Food,Ministry of Agriculture and Food,BC Food Hub Network Management,210853,Request for Proposal,2025-02-26,2,2025-05-05,BC Food & Beverage,4621 Canada Wy Burnaby British Columbia CA,Canada,"$700,000.00",2025-08-04
Ministry of Environment and Parks,BC Parks - Provincial Services Branch ,Buttle Lake Campground Improvements,216033,Request for Proposal,2025-06-11,1,2025-07-17,VIKE Construction Ltd.,2125 Ingot Dr Cobble Hill British Columbia CA,Canada,"$939,009.50",2025-08-05
Ministry of Forests,Forest Analysis and Inventory Branch ,Fort St. John Change Monitoring Inventory (CMI) – Young Stand Monitoring (YSM) Sampling,OT26FHQ066,Request for Proposal,2025-07-10,1,2025-07-28,Northview Resource Logistics Ltd,2871 BC-20 Hagensborg British Columbia CA,Canada,"$126,000.00",2025-08-05
Ministry of Transportation and Transit,South Coast Regional Office ,"Rock Slope Stabilization Texas Creek Slide, Zones 1 & 3, Highway 12",86002MJ4589,Invitation to Tender,2025-07-09,2,2025-07-30,Kan-Arm Contracting Ltd.,PO Box 2323 Sardis British Columbia CA,Canada,"$429,635.28",2025-08-05
Ministry of Forests,Ministry of Forests,IV26HRA461 EDRR Invasive Plant Suction Dredge Treatments – Bouchie Lake,217036,Request for Proposal,2025-07-04,1,2025-07-31,Cariboo Divers,2159 B Barker Road Quesnel British Columbia CA,Canada,"$54,045.00",2025-08-06
Procurement Services Branch ,Ministry of Forests,Req 65729 - Interlocking concrete blocks  for the Bowers-Canim FSR,5200758,Invitation to Quote,2025-07-22,0,2025-08-05,Tri-Kon Precast Products,601 Patterson St W Cranbrook British Columbia CA,Canada,"$78,810.00",2025-08-06
BC Timber Sales Branch ,Okanagan-Columbia ,EN26TKE047 - Harris - Ryan FSR Road Construction & Structure Installation - NZ,EN26TKE047 - TOC,Invitation to Tender,2025-07-11,0,2025-07-25,Nolan's Contracting LTD,2219 Kootenay St Nelson British Columbia CA,Canada,"$195,160.00",2025-08-07
Ministry of Forests,District Offices - West Coast Region ,WRR GS26NAN610 - Cobble Hill Firebase Fuel Management Prescription,WRR GS26NAN610 - Cobble Hill Firebase Fuel Management Prescription,Request for Proposal,2025-06-13,0,2025-07-23,Strategic Natural Resource Consultants,Ironwood St 301-1180  Campbell River British Columbia CA,Canada,"$13,145.00",2025-08-10
Ministry of Forests,Resource Operations - Sea to Sky ,"2025 Fall Tree Planting Implementation, Mt. Athelstan, Upper Lillooet, Soo TSA",216431,Request for Proposal,2025-06-19,0,2025-07-23,Strategic Natural Resource Consultants,Ironwood St 301-1180  Campbell River British Columbia CA,Canada,"$28,816.70",2025-08-10
Ministry of Forests,Regional Operations - Coast Mountains Natural Resource District ,EN26DCM001 - Kleanza FSR Right of Way Brushing,EN26DCM001,Invitation to Tender,2025-07-08,0,2025-08-05,Heenan Contracting Ltd. ,13512 Moberly Rd Lake Country British Columbia CA,Canada,"$93,996.00",2025-08-10
Ministry of Transportation and Transit,South Coast Regional Office ,West Coast Road Geotechnical Slope Stabilization,18121MJ2025,Invitation to Tender,2025-07-07,2,2025-08-06,Heavy Metal Marine Ltd.,693 Stebbings Rd Shawnigan Lake British Columbia CA,Canada,"$2,212,752.00",2025-08-10
Ministry of Forests,BC Timber Sales Branch ,Supply and Deliver 24 L100 modular timber decks and fastening components for BC Timber Sales (PG) Deliver to Mackenzie,Competition Notice: 2526-1009,Other: Procurement Type,entered 2025-08-19,0,    ,Toosey Old School Wood Products L.P.,1238 Stack Valley Rd Riske Creek British Columbia CA,Canada,"$118,800.00",2025-08-11
Ministry of Forests,Ministry of Forests,FS26DCS108 - Wildland Urban Interface Wildfire Risk Reduction Plan,215581,Request for Proposal,2025-06-03,2,2025-07-03,Cabin Resource Management,"Vernon, BC, Canada Vernon British Columbia CA",Canada,"$78,864.60",2025-08-11
Ministry of Forests,Resource Operations - Sea to Sky ,GS26LMN217 - In-SHUCK-ch FSR Wildland Urban Interface Wildfire Risk Reduction Plan,GS26LMN217,Request for Proposal,2025-06-26,0,2025-07-24,Forsite Consultants ,705 Laval Crescent Kamloops British Columbia CA,Canada,"$85,515.00",2025-08-11
Ministry of Forests,Regional Operations - Coast Mountains Natural Resource District ,EN26DCM002 - Wedeene FSR Right of Way Brushing,EN26DCM002,Invitation to Tender,2025-07-14,1,2025-08-11,Heenan Contracting Ltd. ,13512 Moberly Rd Lake Country British Columbia CA,Canada,"$64,977.50",2025-08-11
Procurement Services Branch ,Ministry of Transportation and Transit,Req 394 prefabricated modular concrete toilet building,5193987,Invitation to Quote,2025-07-15,0,2025-07-25,Leko Precast Ltd,9538 BC-97 Vernon British Columbia CA,Canada,"$740,000.00",2025-08-11
BC Timber Sales Branch ,Kootenay ,PD26TFK001 Planning Analysis,PD26TFK001,Request for Proposal,2025-06-19,0,2025-07-16,Forsite Consultants ,PO Box 2079 Salmon Arm British Columbia CA,Canada,"$324,800.00",2025-08-12
BC Timber Sales Branch ,Skeena ,PD26TIA302 - Wildlife Biologist Services,PD26TIA302,Invitation to Tender,2025-07-16,0,2025-07-30,Westland Resources Limited,2803 Kenney St Terrace British Columbia CA,Canada,"$66,175.50",2025-08-12
Ministry of Forests,Forest Analysis and Inventory Branch ,Mackenzie West Permanent Sample Plot (PSP) Sampling,OT26FHQ075,Request for Proposal,2025-07-24,0,2025-08-12,Highland Forestry,1850 Millar Rd Smithers British Columbia CA,Canada,"$83,775.00",2025-08-12
BC Timber Sales Branch ,Kootenay ,PD26TFH003 Planning & Recce - East Kootenay,PD26TFH003,Invitation to Tender,2025-07-10,0,2025-08-06,Tanglefoot Forestry Consultants Ltd.,PO Box 134 Cranbrook British Columbia CA,Canada,"$49,775.00",2025-08-13
Ministry of Environment and Parks,Ministry of Environment and Parks,Paul Lake Park Access Trail Upgrades,CP26KAE030,Invitation to Tender,2025-07-03,0,2025-07-31,Contour Trails,9825 Silver Star Rd Vernon British Columbia CA,Canada,"$64,979.00",2025-08-13
Ministry of Forests,Resource Operations - Sea to Sky ,GS26LMN216 Pemberton-Mt.Currie Wildland Urban Interface Wildfire Risk Reduction Plan,GS26LMN216,Request for Proposal,2025-06-26,0,2025-07-24,Cabin Resource Management,100 Kalamalka Lake Rd Vernon British Columbia CA,Canada,"$69,035.90",2025-08-13
Ministry of Transportation and Transit,South Coast Regional Office ,Isabella Point Road and Adjacent Repairs Site 5 and Site 6,18078MJ0001,Invitation to Tender,2025-07-03,2,2025-07-31,HALL CONSTRUCTORS,19923 80A Ave Langley Township British Columbia CA,Canada,"$2,010,758.77",2025-08-14
Procurement Services Branch ,BC Timber Sales Branch ,Req 65658 Standing Freezer - Laboratory equipment,5200677,Invitation to Quote,2025-07-24,2,2025-08-12,Fisher Scientific,112 Colonnade Rd Ottawa Ontario CA,Canada,"$13,686.74",2025-08-14
Procurement Services Branch ,BC Timber Sales Branch ,Req 65658 Standing Freezer - Laboratory equipment,5200677,Invitation to Quote,2025-07-24,2,2025-08-12,Fisher Scientific,112 Colonnade Rd Ottawa Ontario CA,Canada,"$13,686.74",2025-08-14
Procurement Services Branch ,Ministry of Citizens' Services,Req 47224 Joe Sandbox Cloud Pro Account Type Ultimate renewal (Term 16-Aug-2025 to 15-Aug-2026),5203728,Invitation to Quote,2025-07-31,0,2025-08-12,Softchoice,20 Mowat Ave Toronto Ontario CA,Canada,"$29,191.69",2025-08-14
Procurement Services Branch ,"Ministry of Water, Land and Resource Stewardship",Req 65909 Lotek Argos Pinpoint Tags,5207734,Invitation to Quote,2025-08-13,0,2025-08-13,Lotek Wireless Inc,42000 Loggers Ln - 101 Squamish British Columbia CA,Canada,"$16,840.00",2025-08-14
Ministry of Forests,Southern Engineering Group ; Engineering Branch ; Integrated Resource Operations Division ,"EN26474039 Major Works Bridge Installation – Conkle Johnston 19km FSR, Selkirk Resource District (Boundary Area).",216881,Invitation to Tender,2025-06-30,0,2025-07-31,Caliber Bridge and Design Ltd,5-522 Douglas Street Campbell River British Columbia CA,Canada,"$233,260.00",2025-08-17
Ministry of Transportation and Transit,Ministry of Transportation and Transit,Operational Support and Maintenance Services for British Columbia Smart Infrastructure Monitoring System (BCSIMS),BCSIMS-20241010,Request for Proposal,entered 2025-11-04,0,    ,A3 Smart Solutions Inc.,8626 11th Ave Burnaby British Columbia CA,Canada,"$600,000.00",2025-08-17
Procurement Services Branch ,"Ministry of Water, Land and Resource Stewardship",Req 65834 - ACOUSTIC TAG PURCHASE FOR RESEARCH - V13-1X-BLU-1 ACOUSTIC/SONAR TAGS,5200891,Invitation to Quote,2025-08-12,0,2025-08-12,Innovasea Marine Systems Canada Inc.,20 Angus Morton Dr Bedford Nova Scotia CA,Canada,"$21,791.50",2025-08-17
BC Timber Sales Branch ,Skeena ,SD26TIH202 - Multiphase Block and Road Development in the Kalum Timber Supply Area,SD26TIH202,Invitation to Tender,2025-06-24,1,2025-07-22,Silvicon Services,3560 Victoria Dr Smithers British Columbia CA,Canada,"$74,887.03",2025-08-18
Ministry of Forests,Ministry of Forests,IV26HRA465 Knotweed Surveys & Treatments - Nimpkish River & Victoria Lake,217043,Request for Proposal,2025-07-04,1,2025-07-31,JoeDoweEnterprisesLtd.,216 Crawford Rd Campbell River British Columbia CA,Canada,"$54,000.00",2025-08-18
BC Timber Sales Branch ,Okanagan-Columbia ,SP26TKN042 - Mechanical Site Prep - SZ,SP26TKN042 - TOC,Invitation to Tender,2025-07-16,1,2025-08-11,Broken Branch Contracting ltd ,120 Brookfield Rd Lumby British Columbia CA,Canada,"$60,473.50",2025-08-19
Ministry of Citizens' Services,Ministry of Mining and Critical Minerals,Digitization of Surficial Geology Maps,RFP-MCM-250202,Request for Proposal,2025-04-04,0,2025-05-08,ECOSCAPE ENVIRONMENTAL CONSULTANTS LTD.,2030 Matrix Cres Kelowna British Columbia CA,Canada,"$100,000.00",2025-08-19
Ministry of Citizens' Services,Ministry of Mining and Critical Minerals,Thin Section Services,RFP MCM-250201,Request for Proposal,2025-05-02,1,2025-05-30,Vancouver Petrographics Ltd.,8080 Glover Rd Langley Township British Columbia CA,Canada,"$250,000.00",2025-08-19
Ministry of Citizens' Services,BC Corrections,BC Corrections Inmate Apparel Items,6000085108,Request for Standing Arrangement,2025-06-13,0,2025-07-10,Marantz & Son Ltd,14 Plymouth St Winnipeg Manitoba CA,Canada,"$615,000.00",2025-08-19
Ministry of Citizens' Services,Ministry of Mining and Critical Minerals,Digital Information Data Capture,RFP-MCM-250130,Request for Proposal,2025-06-11,0,2025-07-09,Purple Rock Inc.,1095 McKenzie Ave Victoria British Columbia CA,Canada,"$1,000,000.00",2025-08-19
Procurement Services Branch ,Ministry of Transportation and Transit,"Req 391 - Selected Bridge Components - Supply, Fabrication, Storage",5193939,Invitation to Quote,2025-07-15,0,2025-08-01,Surespan Structures Ltd.,3721 Drinkwater Rd Duncan British Columbia CA,Canada,"$299,500.00",2025-08-19
Procurement Services Branch ,Ministry of Transportation and Transit,Req 398 - Steel Bridge Deck Panels for 07495 Martin R Bridge,5200761,Invitation to Quote,2025-07-28,0,2025-08-12,Surespan Structures Ltd.,3721 Drinkwater Rd Duncan British Columbia CA,Canada,"$198,150.00",2025-08-19
Procurement Services Branch ,Ministry of Transportation and Transit,Req 398 - Steel Bridge Deck Panels for 07495 Martin R Bridge,5200761,Invitation to Quote,2025-07-28,0,2025-08-12,Surespan Structures Ltd.,3721 Drinkwater Rd Duncan British Columbia CA,Canada,"$198,150.00",2025-08-19
Liquor Distribution Branch,Liquor Distribution Branch,Straight Truck Delivery Services of Liquor and Non-Liquor Products for Region 1- Metro Vancouver,RFP2025-06-25,Request for Proposal (BPS),2025-05-27,0,2025-06-25,ORBIS EXPRESS LTD.,6791 Elmbridge Way Richmond British Columbia CA,Canada,"$1,400,000.00",2025-08-20
Ministry of Forests,Ministry of Forests,"FS26DCS110 - Lillooet, Riley Creek 1B, and Shalalth Wildland and Urban Interface Wildfire Risk Reduction Plan",215940,Request for Proposal,2025-06-10,1,2025-07-10,B.A. Blackwell & Associates Ltd.,Gostick Pl  North Vancouver British Columbia CA,Canada,"$80,000.00",2025-08-20
Ministry of Forests,Fort Nelson Resource Operations ,Request for Proposal,216976,Request for Proposal,2025-07-03,0,2025-08-01,Pantel Environmental Consulting Inc,153 21st Street East Prince Albert Saskatchewan CA,Canada,"$322,500.00",2025-08-20
Procurement Services Branch ,Ministry of Citizens' Services,Req 47225 Tenable.io Vulnerability Management Renewal (Term 25-Aug-25 to 24-Aug-26),5203729,Invitation to Quote,2025-08-01,0,2025-08-12,CDW Canada Corp,"P.O. Box 57720, Postal Station A,   Toronto Ontario CA",Canada,"$156,364.53",2025-08-20
Ministry of Forests,District Offices - West Coast Region ,WRR GS26NAN607 - Glen Oaks Drive Fuel Management Prescription,216816,Request for Proposal,2025-06-27,0,2025-08-07,Strategic Natural Resource Consultants,Ironwood St 301-1180  Campbell River British Columbia CA,Canada,"$13,145.00",2025-08-24
Ministry of Transportation and Transit,Southern Interior Regional Office ,Soda Creek - MacAlister Road Slide ,25154MJ0001,Invitation to Tender,2025-07-10,1,2025-08-12,C.I.F CONSTRUCTION LTD.,6171 Otway Rd Prince George British Columbia CA,Canada,"$956,865.60",2025-08-24
Procurement Services Branch ,Ministry of Environment and Parks,Req 43506 - Pressure Treated Wood ORV/Pedestrian/Equestrian Bridge,219043,Invitation to Quote,2025-08-25,0,2025-08-25,Carlwood Lumber Ltd,9492 287 St Maple Ridge British Columbia CA,Canada,"$12,455.00",2025-08-24
BC Timber Sales Branch ,Prince George ,BR26TGC002 - Manual Brushing,BR26TGC002,Invitation to Tender,2025-07-28,1,2025-08-19,All Nations Group Holdings LLP,125 Victoria Street Prince George British Columbia CA,Canada,"$333,389.00",2025-08-25
Management Services Division ,University Endowment Lands - Administration ; Ministry of Housing and Municipal Affairs,2025 University Endowment Lands CCTV Sewer Inspection  ,ITT26UEL06,Request for Submissions,2025-07-17,0,2025-08-14,Dougness Holdings Ltd.,"Mission 1, BC V2V 4J4, Canada British Columbia British Columbia CA",Canada,"$43,941.73",2025-08-25
Ministry of Transportation and Transit,Southern Interior Regional Office ,Gladwin Culvert Replacement No. 10574 Highway No. 1,25771MJ0000,Invitation to Tender,2025-06-10,3,2025-07-15,Windley Contracting Ltd,3711 Shenton Rd Nanaimo British Columbia CA,Canada,"$9,718,800.00",2025-08-25
Procurement Services Branch ,Liquor Distribution Branch,ITQ2025-07-29 Entrust Licenses Subscription and Support,ITQ2025-07-29 Entrust Licenses Subscription and Support,Invitation to Quote (BPS),entered 2025-08-28,0,    ,i7 Solutions Inc.,422 Richards St -unit 170 Vancouver British Columbia CA,Canada,"$160,088.64",2025-08-25
Procurement Services Branch ,Ministry of Emergency Management and Climate Readiness,"Req 8823 500,000 Burlap Sandbags - Kamloops - September 30, 2025",5190652,Invitation to Quote,2025-07-08,0,2025-07-23,Burnaby Bag & Burlap Ltd.,"19720 94a Ave, Unit E108 Langley British Columbia CA",Canada,"$269,000.00",2025-08-25
Procurement Services Branch ,Ministry of Emergency Management and Climate Readiness,"Req 8823 500,000 Burlap Sandbags - Kamloops - September 30, 2025",5190652,Invitation to Quote,2025-07-08,0,2025-07-23,Burnaby Bag & Burlap Ltd.,"19720 94a Ave, Unit E108 Langley British Columbia CA",Canada,"$269,000.00",2025-08-25
Procurement Services Branch ,Ministry of Transportation and Transit; Avalanche & Weather Programs ,Avalanche Engineering Services,214795,Request for Standing Arrangement,2025-06-23,0,2025-07-23,Dynamic Avalanche Consulting Ltd.,306 1 St W Revelstoke British Columbia CA,Canada,$0.00,2025-08-25
Procurement Services Branch ,Avalanche & Weather Programs ; Ministry of Transportation and Transit,Avalanche Engineering Services,214795,Request for Standing Arrangement,2025-06-23,0,2025-07-23,6 Point Engineering,Josephine St  Nelson British Columbia CA,Canada,$0.00,2025-08-25
Procurement Services Branch ,Ministry of Transportation and Transit; Avalanche & Weather Programs ,Avalanche Engineering Services,214795,Request for Standing Arrangement,2025-06-23,0,2025-07-23,BGC Engineering,980 Howe St Vancouver British Columbia CA,Canada,$0.00,2025-08-25
Procurement Services Branch ,Avalanche & Weather Programs ; Ministry of Transportation and Transit,Avalanche Engineering Services,214795,Request for Standing Arrangement,2025-06-23,0,2025-07-23,Alpine Solutions Avalanche Services,37738 3 Ave Squamish British Columbia CA,Canada,$0.00,2025-08-25
Procurement Services Branch ,Ministry of Environment and Parks,Req 43398 - HVAC REPLACEMENT FOR SQUAMISH AIR QUALITY STATION,5193930,Invitation to Quote,2025-07-10,0,2025-07-21,HOMEWARD HEATING & COOLING,Harvard Pl 12-8465  Chilliwack British Columbia CA,Canada,"$11,497.00",2025-08-25
BC Timber Sales Branch ,Kamloops ,EN26TEK502 - Road Inspections - 100 Mile House TSA,EN26TEK502,Invitation to Tender,2025-07-15,0,2025-08-06,Amabilis Forest Services,1265 Dalhousie Dr Kamloops British Columbia CA,Canada,"$28,936.97",2025-08-26
Ministry of Forests,"Rural Opportunities, Tenures and Engineering Division ; Engineering Branch ; Southern Engineering Group ; Engineering ",EN26474043 - Major Works Rogers Creek Landslide Stabilization,217042,Invitation to Tender,2025-07-04,2,2025-07-30,PME Inc.,8402 116 St Fort Saskatchewan Alberta CA,Canada,"$1,533,480.00",2025-08-26
Procurement Services Branch ,Ministry of Environment and Parks,Req 43413 - HVAC REPLACEMENT FOR SMITHERS AIR QUALITY STATION,217594,Invitation to Quote,2025-08-06,0,2025-08-18,Awetree,6171 186 St Surrey British Columbia CA,Canada,"$19,999.99",2025-08-26
Procurement Services Branch ,Ministry of Transportation and Transit,Req 395 Optic Sensor DSC,5198644,Invitation to Quote,2025-07-11,0,2025-07-11,Vaisala Canada Inc.,15225 104 Ave - unit 200 Surrey British Columbia CA,Canada,"$104,681.04",2025-08-26
Procurement Services Branch ,Ministry of Environment and Parks,Req 43508 ATV,219151,Invitation to Quote,2025-08-27,0,2025-08-27,R & R Pro Cycle LTD,1065 S Lakeside Dr Williams Lake British Columbia CA,Canada,"$11,285.00",2025-08-26
BC Timber Sales Branch ,Strait of Georgia ,"PL26TCG028 - Fall 2025 and Spring 2026 Tree Planting, Campbell River Natural Resource District",PL26TCG028,Invitation to Tender,2025-07-08,0,2025-08-05,EVERGREEN FOREST SERVICES LTD.,250 Country Aire Dr Campbell River British Columbia CA,Canada,"$522,907.45",2025-08-27
Ministry of Environment and Parks,BC Parks - Provincial Services Branch ,Buttle Lake Campground Improvements,216033,Request for Proposal,2025-06-11,1,2025-07-17,VIKE Construction Ltd.,"2125 Ingot Dr Cobble HIll, BC British Columbia CA",Canada,"$939,009.50",2025-08-27
Ministry of Health,Ministry of Health,Provincial Drinking Water Officer Training Course,RFPHL2025-014,Request for Proposal,2025-03-12,1,2025-04-09,KWL,1515 Blanshard St Victoria British Columbia CA,Canada,"$490,000.00",2025-08-27
Procurement Services Branch ,Liquor Distribution Branch,RSA2025-07-02 Supply and Delivery of Personal Protective Equipment (PPE),RSA2025-07-02,Request for Standing Offer (BPS),2025-06-06,1,2025-07-03,HTT Safety 'n' More Inc.,1585 Broadway St - unit 105 Port Coquitlam British Columbia CA,Canada,"$102,000.00",2025-08-27
Procurement Services Branch ,Liquor Distribution Branch,ITQ2025-08-26 Supply and Delivery of High Performance Laptops,ITQ2025-08-26,Invitation to Quote (BPS),2025-08-15,0,2025-08-26,Island Key Computer LTD,938 Howe St - 211 Vancouver British Columbia CA,Canada,"$22,275.00",2025-08-27
Ministry of Environment and Parks,BC Parks - Provincial Services Branch ,Rubble Creek Trail Pedestrian Bridge Replacement,218131,Request for Proposal,2025-07-31,1,2025-08-28,Howler Contracting Limited,8247 Alpine Way Whistler British Columbia CA,Canada,"$136,882.50",2025-08-28
Ministry of Forests,Fort Nelson Resource Operations ,Request for Proposal - Halfway River Riparian Stewardship Project,218128,Request for Proposal,2025-07-30,2,2025-08-21,FenceFast,3010 176 St Surrey British Columbia CA,Canada,"$146,000.00",2025-08-28
Ministry of Forests,Fort Nelson Resource Operations ,Request for Proposal - Halfway River Riparian Stewardship Project,218128,Request for Proposal,2025-07-30,2,2025-08-21,FenceFast,3010 176 St Surrey British Columbia CA,Canada,"$146,000.00",2025-08-28
Ministry of Transportation and Transit,Southern Interior Regional Office ,Hwy 26 Cinderella Creek Culvert Replacement,26564MJ2025,Invitation to Tender,2025-07-31,1,2025-08-26,Civil North Consulting Ltd.,3905 18 Ave Prince George British Columbia CA,Canada,"$749,750.00",2025-08-28
Procurement Services Branch ,Ministry of Citizens' Services,"Req 47236 Check Point 9800 Plus appliances, licenses & maintenance ",5205725,Invitation to Quote,2025-08-13,0,2025-08-26,MNP Digital Inc.,255 Longside Dr - Suite 102 Mississauga Ontario CA,Canada,"$326,998.61",2025-08-28
Product Distribution Centre ,Product Distribution Centre ,Armstrong Medical Products,217369,Contract Award Notice,2025-07-11,0,2025-07-11,McArthur Medical Sales Inc.,1846 5th Concession Rd W Rockton Ontario CA,Canada,"$4,058.00",2025-08-31
Ministry of Citizens' Services,Ministry of Mining and Critical Minerals,Mineral Inventory Data Research - MINFILE Services,216861,Request for Standing Arrangement,2025-07-04,0,2025-08-06,Aztec Geoscience Inc.,918 Highwood Dr Comox British Columbia CA,Canada,"$750,000.00",2025-09-01
Ministry of Forests,Fort Nelson Resource Operations ,Request for Proposal - NORTHEAST VIRTUAL FENCING ASSESSMENT AND STEWARDSHIP PROJECT,217865,Request for Proposal,2025-07-23,1,2025-08-14,Okanagan Fence Supplies,3980 Heighton Rd Armstrong British Columbia CA,Canada,"$333,500.00",2025-09-01
Product Distribution Centre ,Product Distribution Centre ,Moog Products,218226,Contract Award Notice,2025-08-01,0,2025-08-01,BOWERS MEDICAL SUPPLY,7198 Progress Wy Delta British Columbia CA,Canada,"$1,141,770.42",2025-09-01
BC Timber Sales Branch ,Skeena ,EN26TII209A - Outstanding Deactivation/Liabilities Cleanup,EN26TII209A,Invitation to Tender,2025-07-25,0,2025-08-11,Bear Creek Construction Ltd.,3550 BC-16 Thornhill British Columbia CA,Canada,"$85,459.45",2025-09-02
Ministry of Citizens' Services,Ministry of Mining and Critical Minerals,Mineral Inventory Data Research - MINFILE Services,216861,Request for Standing Arrangement,2025-07-04,0,2025-08-06,Purple Rock Inc.,1095 McKenzie Ave Victoria British Columbia CA,Canada,"$750,000.00",2025-09-02
Ministry of Transportation and Transit,Southern Interior Regional Office ,Highway 99 - Ten Mile Slide Anchor Maintenance,23880MJ0005,Invitation to Tender,2025-07-22,2,2025-08-14,Power Drilling & Stabilization Ltd.,21278 Smith Crescent Langley British Columbia CA,Canada,"$693,042.00",2025-09-02
BC Timber Sales Branch ,Okanagan-Columbia ,EN26TKE023 - Forest Road Deactivations - NZ,EN26TKE023 - TOC,Invitation to Tender,2025-07-28,2,2025-08-19,K&M Wallis contracting ltd,109 Pearse Pl Kamloops British Columbia CA,Canada,"$81,268.65",2025-09-03
BC Timber Sales Branch ,Babine ,"EN26TAH6504-Chapman Branch 14 (7723-14) Surfacing, and Doray (7723-11) Surfacing",EN26TAH6504,Invitation to Tender,2025-07-31,1,2025-08-28,WEST POINT RAIL & TIMBER CO. LTD.,1300 MORICE RIVER Rd Houston British Columbia CA,Canada,"$193,989.56",2025-09-03
Ministry of Forests,District Offices - West Coast Region , WRR Shawnigan Estates Fuel Management Prescription,GS26NAN609 WRR Shawnigan Estates Fuel Management Prescription,Request for Proposal,2025-07-15,0,2025-08-29,Diamond Head Consulting Ltd.,3559 Commercial St Vancouver British Columbia CA,Canada,"$15,000.00",2025-09-03
Ministry of Transportation and Transit,South Coast Regional Office ,Highway 4 and Beaver Creek Road Intersection Improvements,17070MJ0001,Invitation to Tender,2025-07-17,3,2025-08-21,Windley Contracting Ltd,3711 Shenton Rd Nanaimo British Columbia CA,Canada,"$8,312,970.00",2025-09-03
BC Timber Sales Branch ,Strait of Georgia ,EN26TCH031 - Road Reconstruction and New Construction CM197,EN26TCH031,Invitation to Tender,2025-07-09,0,2025-08-05,Coastal Bridge & Constrtuction Ltd.,1080 Franklin River Rd Port Alberni British Columbia CA,Canada,"$239,982.23",2025-09-04
BC Timber Sales Branch ,Strait of Georgia ,"PL26TCD029 - Fall 2025 Tree Planting, South Island Natural Resource District",PL26TCD029,Invitation to Tender,2025-07-23,2,2025-08-20,YC Forestry,4710 Margaret St Port Alberni British Columbia CA,Canada,"$70,597.20",2025-09-04
BC Timber Sales Branch ,Kootenay ,EN26TFM005 Almond/Gable Road Construction - Boundary,EN26TFM005,Invitation to Tender,2025-07-17,0,2025-08-14,Galena Contractors Ltd,100 Mill Rd  Nakusp British Columbia CA,Canada,"$292,945.00",2025-09-07
Ministry of Environment and Parks,BC Parks - Provincial Services Branch ,Watson Lake Trailhead Parking Lot Construction,216911,Invitation to Tender,2025-07-08,2,2025-08-07,Noble Five Creek Ltd.,16436 Yellowhead Hwy Terrace British Columbia CA,Canada,"$277,355.68",2025-09-07
Procurement Services Branch ,Attorney General,Req 8846 - 9mm Frangible Ammunition for BC Sheriff Service ,5200846,Invitation to Quote,2025-08-01,1,2025-08-29,LLOYD LIBKE LAW ENFORCEMENT SALES,19 Ingram Dr North York Ontario CA,Canada,"$74,185.00",2025-09-07
Ministry of Forests,Resource Operations - Chilliwack ,"Regeneration Performance Plots and Post-Wildfire Reconnaissance Surveys, Planting Layout, And Planting Prescription Development for Areas Within Wildfires V11337, V11152, and V10588",SU26LMN010,Request for Proposal,2025-08-07,0,2025-09-03,Zanzibar,46360 Airport Rd Chilliwack British Columbia CA,Canada,"$68,937.69",2025-09-08
Ministry of Citizens' Services,Ministry of Citizens' Services,OCIO Service Automation: My Service Centre,215021,Request for Proposal,2025-07-04,1,2025-08-05,KPMG,"Bay Adelaide Centre, 333 Bay Street, Suite 4600 Toronto Ontario CA",Canada,"$15,000,000.00",2025-09-09
Ministry of Forests,Fort Nelson Resource Operations ,Request for Proposal - Halfway River Riparian Stewardship Project,218128,Request for Proposal,2025-07-30,2,2025-08-21,FenceFast,3010 176 St Surrey British Columbia CA,Canada,"$146,000.00",2025-09-09
Product Distribution Centre ,Product Distribution Centre ,Smith Medical/ICU Products,218237,Contract Award Notice,2025-08-01,0,2025-08-01,McArthur Medical Sales Inc.,1846 5th Concession Rd W Rockton Ontario CA,Canada,"$205,339.00",2025-09-09
Procurement Services Branch ,Liquor Distribution Branch,ITQ2025-07-28  CloudFlare Core Enterprise Subscription,217578,Invitation to Quote (BPS),2025-07-17,0,2025-07-28,Softchoice,20 Mowat Ave Toronto Ontario CA,Canada,"$159,960.00",2025-09-10
BC Timber Sales Branch ,Kamloops ,EN26TEK500 - FSR Maintenance - Merritt TSA,EN26TEK500,Invitation to Tender,2025-08-06,2,2025-08-28,Bewza,1265 Dalhousie Dr Kamloops British Columbia CA,Canada,"$140,100.00",2025-09-14
BC Timber Sales Branch ,Kootenay ,PL27TFG002 Planting - Arrow South,PL27TFG002,Invitation to Tender,2025-08-14,1,2025-09-10,West Arm Silviculture Inc.,1907 Ridgewood Road Nelson British Columbia CA,Canada,"$328,564.40",2025-09-14
BC Timber Sales Branch ,Kootenay ,PL27TFG003 Planting - Arrow North,PL27TFG003,Invitation to Tender,2025-08-14,0,2025-09-11,West Arm Silviculture Inc.,1907 Ridgewood Road Nelson British Columbia CA,Canada,"$215,186.60",2025-09-14
Ministry of Transportation and Transit,South Coast Regional Office ,Coquitlam River Bridge No. 2696 Seismic Retrofit Highway No. 7B,12663MJ2025,Invitation to Tender,2025-07-29,3,2025-09-11,Coquitlam Ridge Constructors Ltd.,18946 96 Ave Surrey British Columbia CA,Canada,"$6,452,183.14",2025-09-15
BC Timber Sales Branch ,Chinook ,EN26TBS005 - Kookipi Road Reconstruction,EN26TBS005,Invitation to Tender,2025-08-01,1,2025-09-02,Arda Creek Contracting Ltd,4557 Wilson Rd Chilliwack British Columbia CA,Canada,"$877,825.53",2025-09-16
Product Distribution Centre ,Product Distribution Centre ,Functional Formularies Nutritional Products,218230,Contract Award Notice,2025-08-01,0,2025-08-01,BOWERS MEDICAL SUPPLY,7198 Progress Wy Delta British Columbia CA,Canada,"$877,929.22",2025-09-16
BC Timber Sales Branch ,Kootenay ,SP26TFF008 Mechanical Site Prep - Boundary,SP26TFF008,Invitation to Tender,2025-08-19,0,2025-09-09,WYATT CONSULTING LTD.,"1907 Ridgewood Road, Nelson Nelson British Columbia CA",Canada,"$167,822.90",2025-09-17
Ministry of Transportation and Transit,Northern Regional Office ,"High Fines Surfacing Aggregate (25mm) Production and Stockpile, Sundance Pit #1615",38083MJ0002,Invitation to Tender,2025-08-15,4,2025-09-09,Brocor Construction Ltd,2727 Water Treatment Road Dawson Creek British Columbia CA,Canada,"$271,200.00",2025-09-17
Ministry of Environment and Parks,BC Parks - Provincial Services Branch ; BC Parks and Conservation Officer Service Division ; Capital Investment Program ,Tribune  Bay Park Picnic Shelter Replacement,218219,Request for Proposal,2025-08-01,1,2025-09-02,43K Wilderness Solutions,6863 Railway Ave Comox Valley C (Puntledge-B* British Columbia CA,Canada,"$245,960.00",2025-09-18
Ministry of Environment and Parks,Capital Investment Program ; BC Parks and Conservation Officer Service Division ; BC Parks - Provincial Services Branch ,Tribune  Bay Park Picnic Shelter Replacement,218219,Request for Proposal,2025-08-01,1,2025-09-02,43K Wilderness Solutions,6863 Railway Ave Comox Valley C (Puntledge-B* British Columbia CA,Canada,"$245,960.00",2025-09-18
Ministry of Forests,District Offices - West Coast Region ,WRR GS26NAN612 Musgrave Recreation Site Fuel Management Prescription,WRR GS26NAN612 Musgrave Recreation Site Fuel Management Prescription,Request for Proposal,2025-07-28,0,2025-09-05,Geoterra IRS,1323 Kelliher Rd Prince George British Columbia CA,Canada,"$27,694.00",2025-09-18
Procurement Services Branch ,Ministry of Environment and Parks,Req 43563 - 86 BC Parks Standard Fire Rings,5208746,Invitation to Quote,2025-08-18,0,2025-09-02,Mantech Enterprises Inc.,55 Gostick Pl North Vancouver British Columbia CA,Canada,"$29,485.96",2025-09-18
Procurement Services Branch ,"Ministry of Water, Land and Resource Stewardship",Req 65975 2000 Confluence and Plug-ins licences,5208819,Invitation to Quote,2025-08-27,0,2025-09-08,Highway Three Solutions Inc.,4526 Viewmont Ave Victoria British Columbia CA,Canada,"$184,281.99",2025-09-18
BC Timber Sales Branch ,Peace-Liard ,EN26TDE002 - Road Deactivation South Peace,EN26TDE002,Invitation to Tender,2025-08-13,0,2025-09-09,Great Northern Bridgeworks,11767 MacLean Rd Fort St. John British Columbia CA,Canada,"$80,000.00",2025-09-21
Liquor Distribution Branch,Liquor Distribution Branch,RFP2025-06-26 - for Ticket Moulding Products and Services,RFP2025-06-26,Request for Proposal (BPS),2025-05-21,3,2025-07-08,Kost Klip ,1611 S Broadway port coquitlam British Columbia CA,Canada,"$155,000.00",2025-09-21
Ministry of Citizens' Services,BC Emergency Health Services,BC Ambulance Garbage Bags,RSA 6000085202,Request for Standing Arrangement,2025-07-30,0,2025-09-05,POLYCAN DISTRIBUTION,United Blvd  Coquitlam British Columbia CA,Canada,"$350,000.00",2025-09-22
Procurement Services Branch ,Ministry of Agriculture and Food,Bio-Rad ELISA Equipment package,5212749,Invitation to Quote,2025-09-16,0,2025-09-16,BIO-RAD LABORATORIES (CANADA) LTD,1329 Meyerside Drive Mississauga Ontario Mississauga Ontario CA,Canada,"$73,761.77",2025-09-22
BC Timber Sales Branch ,Kootenay ,IM27TFG001 - Planting & Brushing Implementation Arrow North,IM27TFG001,Invitation to Tender,2025-08-13,0,2025-09-10,Forsite Consultants ,1907 Ridgewood Road Nelson British Columbia CA,Canada,"$70,965.00",2025-09-23
Ministry of Forests,Ministry of Forests,Mashiter Creek FSR Branch 02 Deactivation,218210,Request for Proposal,2025-07-31,1,2025-08-29,Specialized Forest Management Inc.,7668 Read Rd Dunster British Columbia CA,Canada,"$53,450.00",2025-09-23
Procurement Services Branch ,Attorney General,Req 8835 Colt C8H&K G36 compatible Carbine Practice Ammunition,5200706,Invitation to Quote,2025-08-01,0,2025-08-29,Greenridge Industries Inc.,180 Covent Cres Aurora Ontario CA,Canada,"$83,300.00",2025-09-23
Procurement Services Branch ,Attorney General,Req 8835 Colt C8H&K G36 compatible Carbine Practice Ammunition,5200706,Invitation to Quote,2025-08-01,0,2025-08-29,Greenridge Industries Inc.,180 Covent Cres Aurora Ontario CA,Canada,"$83,300.00",2025-09-23
Procurement Services Branch ,Attorney General,Req 8837 Colt C8H&K G36 compatible Carbine Duty Ammunition,5199700,Invitation to Quote,2025-07-31,0,2025-08-29,Korth Group Ltd,64186 393 Loop E Okotoks Alberta CA,Canada,"$20,213.05",2025-09-23
Procurement Services Branch ,Attorney General,Req 8837 Colt C8H&K G36 compatible Carbine Duty Ammunition,5199700,Invitation to Quote,2025-07-31,0,2025-08-29,Korth Group Ltd,64186 393 Loop E Okotoks Alberta CA,Canada,"$20,213.05",2025-09-23
Procurement Services Branch ,Attorney General,Req 8836 Colt C8H&K G36 compatible Carbine Frangible Ammunition,5199699,Invitation to Quote,2025-08-01,0,2025-08-29,Gravel Agency Inc.,5175 Rue John Molson Québec Québec CA,Canada,"$4,207.50",2025-09-23
Procurement Services Branch ,Attorney General,Req 8836 Colt C8H&K G36 compatible Carbine Frangible Ammunition,5199699,Invitation to Quote,2025-08-01,0,2025-08-29,Gravel Agency Inc.,5175 Rue John Molson Québec Québec CA,Canada,"$4,207.50",2025-09-23
Procurement Services Branch ,Ministry of Transportation and Transit,"Req 400 2025 BRP, SKI-DOO, SM SUM EDGE 850 S BK HAC 165 3P4F 25",5200829,Invitation to Quote,2025-07-24,0,2025-08-06,RTR Performance,2051 Trans-Canada Hwy E Kamloops British Columbia CA,Canada,"$22,925.28",2025-09-23
Procurement Services Branch ,Attorney General,Req 8845 - 9mm Frangible Ammunition for BC Sheriff Service ,5200845,Invitation to Quote,2025-08-01,1,2025-08-29,Gravel Agency Inc.,5175 Rue John Molson Québec Québec CA,Canada,"$54,450.00",2025-09-23
Procurement Services Branch ,Attorney General,Req 8844 Purchase of 9mm Duty Ammunition for BC Sheriff Services,5200844,Invitation to Quote,2025-08-01,1,2025-08-29,Korth Group Ltd,64186 393 Loop E Okotoks Alberta CA,Canada,"$11,896.96",2025-09-23
BC Timber Sales Branch ,Okanagan-Columbia ,EN26TKE033 - Forest Service Road Deactivations - SZ,EN26TKE033 - TOC,Invitation to Tender,2025-08-25,0,2025-09-15,Okanagan Iron Worx Inc,2689 Auburn Rd West Kelowna British Columbia CA,Canada,"$165,409.11",2025-09-24
BC Timber Sales Branch ,Kootenay ,BR26TFF009 Manual Brushing - Boundary,BR26TFF009,Invitation to Tender,2025-09-05,0,2025-09-19,Leader Silviculture Ltd.,1907 Ridgewood Rd Nelson British Columbia CA,Canada,"$294,053.70",2025-09-24
Liquor Distribution Branch,Liquor Distribution Branch,RFP2025-06-10 BC Cannabis Uniforms and Related Apparel,214530,Request for Proposal (BPS),2025-05-12,1,2025-06-10,Genumark Inc,707 Gordon Baker Rd Toronto Ontario CA,Canada,"$74,900.00",2025-09-24
Ministry of Transportation and Transit,Ministry of Transportation and Transit,Fraser Valley Highway 1 Corridor Improvement Program Project Management Services ,RFP-FVH1CIP-PM-202507,Request for Proposal,2025-08-11,2,2025-08-29,Stites Consulting Inc.,710 Laval Crescent Kamloops British Columbia CA,Canada,"$6,000,000.00",2025-09-25
Ministry of Transportation and Transit,Ministry of Transportation and Transit,Fraser Valley Highway 1 Corridor Improvement Program Project Management Services ,RFP-FVH1CIP-PM-202507,Request for Proposal,2025-08-11,2,2025-08-29,Elevation Technical Services Ltd.,2955 Kicking Horse Dr Kamloops British Columbia CA,Canada,"$6,000,000.00",2025-09-25
Procurement Services Branch ,Ministry of Environment and Parks,Req 43562 BC Parks Composite Lumber Number and Water Posts,5208742,Invitation to Quote,2025-08-20,0,2025-09-03,The Ocean Legacy Foundation,Parkgate Ave  North Vancouver British Columbia CA,Canada,"$21,297.80",2025-09-25
Ministry of Forests,District Offices - West Coast Region ,WRR GS26NAN608 - Port Alberni Hwy Fuel Management Plan,WRR GS26NAN608 - Port Alberni Hwy Fuel Management Plan,Request for Proposal,2025-08-08,1,2025-09-18,Cascadia Natural Resource Consultants Inc,1760 Cheakamus Dr Kamloops British Columbia CA,Canada,"$18,200.00",2025-09-28
