Issued by Organization,Issued for Organization,Title,Tender No,Procurement Method,Issued Date,Amendments,Closing Date,Successful Vendor,Successful Vendor Address,Award Total,Date Awarded
Procurement Services Branch ,Access & Directory Management Services ,Identity & Access Management IM/IT Services ,BPM080181,Request for Proposal,2023-03-22,3,2023-05-08,Sierra Systems Group Inc.,"2025 Willingdon Ave, Burnaby, British Columbia","$7,000,000.00",2023-06-23
Ministry of Transportation and Infrastructure,Asset Management Branch ,RISP 41182 General Engineering Services for Structural Asset Management and Design Northern Region 2022,RFP-AMB-RISP41182,Request for Proposal,2022-12-15,1,2023-01-26,Allnorth,"SUITE 1810, 1111 WEST GEORGIA STREET, VANCOUVER, British Columbia","$950,000.00",2023-06-12
BC Timber Sales Branch ,Babine ,EN24TAH4403 - Dangerous Tree Assessment and Falling within the Babine Business Area ,EN24TAH4403,Invitation to Tender,2023-05-18,1,2023-06-08,Lions Den Forestry Operations Ltd,"1496 Willow St, Telkwa, British Columbia","$46,800.00",2023-06-22
BC Timber Sales Branch ,Babine ,PL24TAS4103 – Tree Planting Implementation and Supervision Services – Morice and Bulkley,PL24TAS4103,Invitation to Tender,2023-02-01,0,2023-03-01,Paramount Forestry Ltd.,"1323 Sunny Point Dr, Smithers, British Columbia","$86,000.00",2023-05-03
BC Timber Sales Branch ,Babine ,PL24TAS4104 - Supply and Delivery of Refrigerated Reefer Units for Tree Planting 2023,PL24TAS4104,Invitation to Tender,2023-01-25,1,2023-02-22,Silvertip Transport Ltd.,,"$279,517.00",2023-04-05
BC Timber Sales Branch ,,CS2483R004 Conduct a Climate Change Vulnerability Assessment,168457,Contract Award Notice,2023-06-09,0,2023-06-09,Innovative Climate Strategies Inc,", , British Columbia","$132,000.00",2023-06-09
BC Timber Sales Branch ,,Silviculture Surveys – Gaspard – Williams Lake Timber Supply Area.,SU24TLE006,Invitation to Tender,2023-04-26,1,2023-06-19,Pathocon Consulting ,Prince George,"$49,653.80",2023-06-27
BC Timber Sales Branch ,,PL24TAS4105-Lakes West/North Implementation OTR Yr1,PL24TAS4105,Invitation to Tender,2023-03-30,0,2023-04-19,Paramount Forestry Ltd.,,"$66,250.00",2023-05-29
BC Timber Sales Branch ,,Silviculture Surveys - Central Cariboo - Williams Lake Timber Supply Area,SU24TLE009,Invitation to Tender,2023-04-25,0,2023-05-24,Pathocon Consulting ,,"$57,148.00",2023-05-24
BC Timber Sales Branch ,,Herbaceous and Manual Brushing - Various Locations- Quesnel and Cascadia Timber Supply Areas,10005-40/BR24TLH003,Invitation to Tender,entered 2023-06-27,0,    ,Dewan Enterprises ltd,,"$177,789.30",2023-06-16
BC Timber Sales Branch ,,Dodd Major Works,EN24TBP001,Invitation to Tender,2023-04-18,0,2023-05-17,bob marquis contracting ltd,"3418 Yew Kwum Place, Powell River, BC   V8A 5T5","$392,887.00",2023-05-31
BC Timber Sales Branch ,,EN24TFD005 Professional Engineering Services,EN24TFD005,Request for Proposal,2023-03-17,0,2023-04-14,SNT Engineering Ltd.,"Suite 3 - 385 Baker Street, Nelson, BC  V1L 6V8","$1,000,000.00",2023-04-24
BC Timber Sales Branch ,,IM24TEM612 - Planting Implementation - Merritt TSA,IM24TEM612,Invitation to Tender,2023-03-29,0,2023-04-20,Second Pass Forestry Ltd,"2073 Van Horne Drive
Kamloops BC  V1S 1G5","$82,801.50",2023-05-17
BC Timber Sales Branch ,,SU24TLE007 - Silviculture Surveys - Southern Cariboo - Williams Lake Timber Supply Area,SU24TLE007,Invitation to Tender,2023-04-12,3,2023-05-09,Jeratec Forestry Contracting,"Box 1035, 150 Mile House, British Columba, V0K 2G0","$75,980.30",2023-05-11
BC Timber Sales Branch ,,CS24TBP001 Professional Biological Consulting Services,CS24TBP001,Invitation to Tender,2023-04-17,0,2023-05-08,1197157 B.C. Ltd,"209-300 ST Ann's Road, Campbell River BC   V9W 4C8","$47,410.00",2023-05-25
Procurement Services Branch ,BC Timber Sales Branch ,"Req 56322 - Timber Order: Sub Deck Timbers, Rails, Risers, and Deck Modules",5096569,Invitation to Quote,2023-04-13,1,2023-04-24,Stinger Welding Ltd,,"$53,663.20",2023-05-01
Ministry of Forests,BC Wildfire Service ,"FireSmart Strategic Communications, Creative Production and Creative Support Services",166601,Request for Proposal,2023-04-28,0,2023-05-28,SitePartners,"17858 66 Ave, Surrey, British Columbia","$1,325,000.00",2023-06-02
Ministry of Forests,BC Wildfire Service ,"FireSmart Strategic Communications, Creative Production and Creative Support Services",166601,Request for Proposal,2023-04-28,0,2023-05-28,SitePartners,"17858 66 Ave, Surrey, British Columbia","$1,325,000.00",2023-06-02
BC Timber Sales Branch ,Cariboo-Chilcotin ,PL24TLH007 - Multi-Treatment of Herbaceous and Manual Brushing and Summer Fill Plant – Various Locations – Quesnel and Cascadia Timber Supply Area,PL24TLH007,Invitation to Tender,2023-02-09,0,2023-03-09,Torrent Silviculture,"345 St Laurent Ave, Quesnel, British Columbia","$153,249.00",2023-04-27
BC Timber Sales Branch ,Cariboo-Chilcotin ,SU24TLH001 Regeneration Assessment and Free-Growing Surveys - Various Locations - Quesnel Timber Supply Area,SU24TLH001,Invitation to Tender,2023-04-20,0,2023-05-18,Zanzibar Holdings Ltd.,"204-1801 Welch St North Vancouver, North Vancouver, British Columbia","$164,368.64",2023-06-28
BC Timber Sales Branch ,Cariboo-Chilcotin ,EN24TLA003 – Road and Bridge Maintenance and Deactivation – Various Locations – Quesnel Timber Supply Area,EN24TLA003,Invitation to Tender,2023-04-20,2,2023-05-23,Way Out West Contracting Ltd.,"206 - 383 OLIVER STREET, WILLIAMS LAKE, British Columbia","$226,991.55",2023-06-21
BC Timber Sales Branch ,Cariboo-Chilcotin ,SU24TLH002 - Regeneration Assessment and Free-Growing Surveys - Various Locations - Quesnel and Cascadia Timber Supply Areas.,SU24TLH002,Invitation to Tender,2023-05-05,1,2023-06-01,Blue Collar Silviculture Ltd,"255 Lear Rd, Quesnel, British Columbia","$153,129.50",2023-06-16
BC Timber Sales Branch ,Cariboo-Chilcotin ,EN24TLA012 – Road and Bridge Maintenance – Various Locations – Williams Lake Timber Supply Area,EN24TLA012,Invitation to Tender,2023-05-01,1,2023-06-01,Way Out West Contracting Ltd.,"206 - 383 OLIVER STREET, WILLIAMS LAKE, British Columbia","$371,969.00",2023-06-14
BC Timber Sales Branch ,Cariboo-Chilcotin ,SU24TLE008 – Silviculture Surveys – Chilcotin – Williams Lake Timber Supply Area,SU24TLE008,Invitation to Tender,2023-04-26,2,2023-05-29,Pathocon Consulting ,,"$52,899.75",2023-06-14
BC Timber Sales Branch ,Cariboo-Chilcotin ,SP24TLH001 – Mechanical Site Preparation – Various Locations – Quesnel and Cascadia Timber Supply Areas.,SP24TLH001,Invitation to Tender,2023-05-10,1,2023-06-15,Interior Silvi-Services Ltd.,"2041 Campbell Crescent, Quesnel, British Columbia","$402,864.10",2023-06-23
BC Timber Sales Branch ,Cariboo-Chilcotin ,SU24TLE011 – Site Plans and Silviculture Surveys – Fir Bark Beetle Blocks – Williams Lake Timber Supply Area.,SU24TLE011,Invitation to Tender,2023-05-10,0,2023-06-06,B.A. Blackwell & Associates Ltd.,"270 - 18 Gostick Place, North Vancouver, British Columbia","$91,360.26",2023-06-22
BC Timber Sales Branch ,Cariboo-Chilcotin ,SP24TLE007 – Mechanical Site Preparation – Disc Trenching – Williams Lake Timber Supply Area,SP24TLE007,Invitation to Tender,2023-05-09,0,2023-06-12,Frank Norman Rowley,,"$19,364.00",2023-06-27
BC Timber Sales Branch ,Chinook ,"CS24TBH003 - Professional Biologist Services, Chilliwack and Squamish",CS24TBH003,Invitation to Tender,2023-04-18,0,2023-05-16,EDI Environmental Dynamics Inc.,"3810 18th Avenue, Prince George, British Columbia","$62,429.40",2023-06-09
BC Timber Sales Branch ,Chinook ,"EN24TBH005 - Kookipi Bridge Construction, Chilliwack",EN24TBH005,Invitation to Tender,2023-03-21,1,2023-04-18,"Pioneer Precast Products, a  Division of IOTA Construction Ltd",,"$1,246,972.00",2023-05-09
BC Timber Sales Branch ,Chinook ,EN24TBH006 - Chinook Road Maintenance,EN24TBH006,Invitation to Tender,2023-04-05,0,2023-05-03,Maharg Contracting Ltd,", Agassiz, British Columbia","$108,899.11",2023-05-23
BC Timber Sales Branch ,Chinook ,SU24TBJ001 - Silviculture Surveys in Haida Gwaii,SU24TBJ001,Invitation to Tender,2023-02-08,0,2023-03-08,SuavAir,,"$30,261.00",2023-04-28
BC Timber Sales Branch ,Chinook ,"MP24TBH001 - Multi-Phase Block Assessment, Layout and Timber Sale Licence Development, Chilliwack",MP24TBH001,Invitation to Tender,2023-02-22,0,2023-03-22,CHARTWELL RESOURCE GROUP LTD.,"275 Fell Ave, North Vancouver, British Columbia","$345,360.00",2023-04-12
BC Timber Sales Branch ,Chinook ,MP24TBH002 - Multiphase Block Assessment Layout and Timber Sale License Development - Chinook,MP24TBH002,Invitation to Tender,2023-03-06,0,2023-04-04,Infinity Pacific Stewardship Group,"1 - 30435 Progressive Way, Abbotsford, BC V2T 6Z1, Chilliwack, British Columbia","$307,050.00",2023-04-12
Ministry of Forests,Crown Land Opportunities and Restoration Branch ,Crown Land Survey Coordinator,169999,Request for Proposal,2023-05-26,0,2023-06-09,R.F. Binnie & Associates Ltd.,"Canada Way 300-4940 , Burnaby, British Columbia","$30,000.00",2023-06-13
Ministry of Forests,Forest Analysis and Inventory Branch ,GBR NORTH PERMANENT SAMPLE PLOT (PSP) SAMPLING,1070-30/OT24FHQ006,Request for Proposal,2023-02-28,0,2023-03-20,Hatch Woodlands Ltd.,"2700 - 700 WEST GEORGIA STREET, VANCOUVER, British Columbia","$153,078.00",2023-04-28
Ministry of Forests,Forest Analysis and Inventory Branch ,GBR CENTRAL PERMANENT SAMPLE PLOT (PSP) SAMPLING,1070-30/OT24FHQ007,Request for Proposal,2023-02-28,0,2023-03-22,Hatch Woodlands Ltd.,"2700 - 700 WEST GEORGIA STREET, VANCOUVER, British Columbia","$243,248.00",2023-04-28
Ministry of Forests,Forest Analysis and Inventory Branch ,GBR CENTRAL NATIONAL FOREST INVENTORY (NFI) SAMPLING,1070-30/OT24FHQ001,Request for Proposal,2023-02-22,0,2023-03-08,Atticus Environmental Services Ltd.,"2235 Nugget Road, Cobble Hill, British Columbia","$202,760.52",2023-04-28
Ministry of Forests,Forest Analysis and Inventory Branch ,GBR SOUTH-SOUTH COAST NATIONAL FOREST INVENTORY (NFI) SAMPLING,1070-30/OT24FHQ002,Request for Proposal,2023-02-22,0,2023-03-10,Hatch Woodlands Ltd.,"2700 - 700 WEST GEORGIA STREET, VANCOUVER, British Columbia","$282,645.00",2023-04-28
Ministry of Forests,Forest Analysis and Inventory Branch ,GBR NORTH CHANGE MONITORING INVENTORY (CMI) – YOUNG STAND MONITORING (YSM) SAMPLING,1070-30/OT24FHQ003,Request for Proposal,2023-02-24,0,2023-03-13,Hatch Woodlands Ltd.,"2700 - 700 WEST GEORGIA STREET, VANCOUVER, British Columbia","$219,756.00",2023-04-28
Ministry of Forests,Forest Analysis and Inventory Branch ,GBR CENTRAL CHANGE MONITORING INVENTORY (CMI) – YOUNG STAND MONITORING (YSM) SAMPLING,1070-30/OT24FHQ004,Request for Proposal,2023-02-24,0,2023-03-15,Hatch Woodlands Ltd.,"2700 - 700 WEST GEORGIA STREET, VANCOUVER, British Columbia","$314,580.00",2023-04-28
Ministry of Forests,Forest Analysis and Inventory Branch ,GBR SOUTH CHANGE MONITORING INVENTORY (CMI) – YOUNG STAND MONITORING (YSM) SAMPLING,1070-30/OT24FHQ005,Request for Proposal,2023-02-24,0,2023-03-17,Hatch Woodlands Ltd.,"2700 - 700 WEST GEORGIA STREET, VANCOUVER, British Columbia","$259,170.00",2023-04-14
Ministry of Forests,Forest Analysis and Inventory Branch ,100 MILE TIMBER SUPPLY AREA CMI-YSM SAMPLING,1070-30/OT24FHQ056,Request for Proposal,2023-05-09,1,2023-06-05,McColl Forestry Ltd.,"5316 Ptarmigan St, Kelowna, British Columbia","$67,185.00",2023-06-05
Ministry of Transportation and Infrastructure,Integrated Transportation Planning Branch ,BC Truck Survey Data Program,RFP-BCTSDP20221222,Request for Proposal,2022-12-22,1,2023-01-31,MCELHANNEY LTD,"858 Beatty St, 200, Vancouver, British Columbia","$1,500,000.00",2023-05-08
Attorney General,Justice Services Branch ,Policy Consulting,167878,Contract Award Notice,2023-05-05,0,2023-05-15,"Ronald C.C. Cuming, K.C.",,"$60,000.00",2023-04-09
Attorney General,Justice Services Branch ,Mental Health Act Rights Advice Service,8138,Request for Proposal,2022-11-03,0,2023-01-20,"CANADIAN MENTAL HEALTH ASSOCIATION, B.C. DIVISION","905 - 1130 PENDER ST W, VANCOUVER, British Columbia","$1,482,244.00",2023-04-05
BC Timber Sales Branch ,Kamloops ,SU24TEM611 - Silviculture Surveys - 100 Mile House TSA,SU24TEM611,Invitation to Tender,2023-03-14,1,2023-04-05,Montane Forest Consultants Ltd.,"715 Alder Ave, 100 Mile House, British Columbia","$56,470.00",2023-04-20
BC Timber Sales Branch ,Kamloops ,EN24TEK420 - FSR Maintenance - 100 Mile House TSA,EN24TEK420,Invitation to Tender,2023-04-12,0,2023-05-11,BRC / Black River Contracting Ltd,"248 SECOND AVENUE, KAMLOOPS, British Columbia","$82,500.00",2023-06-08
BC Timber Sales Branch ,Kamloops ,IM24TEM616 - Planting Implementation - Kamloops (Clearwater) TSA,IM24TEM616,Invitation to Tender,2023-03-31,0,2023-04-27,Leeanne Chow Consulting Ltd.,"227 Azure Drive, Clearwater, British Columbia","$34,564.48",2023-05-18
BC Timber Sales Branch ,Kootenay ,PD24TFK006 KBI Support Services,PD24TFK006,Request for Proposal,2023-04-14,0,2023-05-04,Sitkum Consulting Ltd,"1516 ROBERTSON AVENUE, NELSON, British Columbia","$41,000.00",2023-06-01
BC Timber Sales Branch ,Kootenay ,MP24TFH007 Multiphase Development East Kootenay,MP24TFH007,Invitation to Tender,2023-03-20,1,2023-04-18,Maple Leaf Forestry Ltd.,"253 INDUSTRIAL RD.  #F, CRANBROOK, British Columbia","$248,130.00",2023-04-27
BC Timber Sales Branch ,Kootenay ,IM24TFD003 Silviculture Implementation & Surveys - Kootenay Lake,IM24TFD003,Invitation to Tender,2023-02-24,1,2023-03-17,Forsite Consultants ,"330 42nd St SW, Salmon Arm, British Columbia","$191,760.00",2023-04-13
BC Timber Sales Branch ,Kootenay ,PD24TFK002A Global Hydrological Assessment - Kootenay Business Area,PD24TFK002A,Invitation to Tender,2023-05-15,0,2023-05-30,MacDonald Hydrology Consultants Ltd.,"4262 Hilltop Cres, Cranbrook, British Columbia","$248,000.00",2023-06-05
Liquor Distribution Branch,,RFP2023-03-07 Occupational First Aid Training Programs,RFP2023-03-07,Request for Proposal (BPS),2023-02-08,0,2023-03-07,St. John Society BC and Yukon,,"$69,300.00",2023-04-05
Liquor Distribution Branch,,RFP2023-03-13 Share-A-Bear Campaign,158627,Request for Proposal (BPS),2023-02-09,0,2023-03-13,The Stuffed Animal House Ltd.,", Langley, British Columbia","$850,000.00",2023-04-26
Liquor Distribution Branch,,ITQ2023-02-08 SUPPLY AND DELIVERY OF TWO-WAY RADIO(S) with a MINIMUM 2 YEARS SERVICE PLAN,ITQ2023-02-08,Request for Proposal (BPS),2023-01-19,0,2023-02-08,MDT Technical Services Inc.,"7402 Progress Way, Delta, British Columbia","$16,236.00",2023-04-03
Liquor Distribution Branch,,RFP2023-02-15 Pallet Delivery Services from BDC to Stores,RFP2023-02-15,Request for Proposal (BPS),2023-01-13,2,2023-02-24,Pacific Coast Distribution Ltd.,"27433 52 Ave, Langley Twp, British Columbia","$250,000.00",2023-05-03
Liquor Distribution Branch,,ITQ2023-06-13 Supply and Delivery of Stock Chasers and Industrial trailers,ITQ2023-06-13,Invitation to Quote,entered 2023-06-23,0,    ,Johnston Equipment,"5990 Avebury Road,
Mississauga, Ontario, L5R 3R2","$407,670.00",2023-06-23
Liquor Distribution Branch,,Professional services for Solix EDMS,NOI2023-01-31,Direct Award,2023-01-20,1,2023-01-31,Solix Technologies Inc.,"4701 Patrick Henry Drive, Bldg #20, Santa Clara, California, 95054","$25,000.00",2023-06-12
Liquor Distribution Branch,,Waste Collection Services,RFP2023-03-13,Request for Proposal,2023-02-13,4,2023-04-03,SUPER SAVE DISPOSAL INC.,,"$650,000.00",2023-06-01
Liquor Distribution Branch,,Waste Collection Services,RFP2023-03-13,Request for Proposal,2023-02-13,4,2023-04-03,Maple Leaf Disposal Ltd.,,"$353,500.00",2023-06-15
Liquor Distribution Branch,,Waste Collection Services,RFP2023-03-13,Request for Proposal,2023-02-13,4,2023-04-03,Waste Management of Canada Corp.,,"$235,000.00",2023-06-23
Liquor Distribution Branch,,Waste Collection Services,RFP2023-03-13,Request for Proposal,2023-02-13,4,2023-04-03,SUPER SAVE DISPOSAL INC.,,"$650,000.00",2023-06-01
Liquor Distribution Branch,,Waste Collection Services,RFP2023-03-13,Request for Proposal,2023-02-13,4,2023-04-03,SUPER SAVE DISPOSAL INC.,,"$650,000.00",2023-06-01
Liquor Distribution Branch,,ITQ2023-05-31 Entrust Certificate Subscription and Support Services,ITQ2023-05-31,Invitation to Quote (BPS),2023-05-19,0,2023-05-31,i7 Solutions Inc.,"170-422 Richards St, Vancouver, British Columbia","$82,085.00",2023-06-14
Liquor Distribution Branch,,ITQ2023-05-08 InformaCast Advanced Notification Subscription Endpoint,ITQ2023-05-08,Invitation to Quote (BPS),2023-04-24,0,2023-05-08,SOFTCHOICE,"173 DUFFERIN STREET, SUITE 200, TORONTO, Ontario","$3,647.50",2023-05-17
Liquor Distribution Branch,,ITQ2023-05-23 Check Point Enterprise Subscription and Support Renewal,ITQ2023-05-23 Check Point,Invitation to Quote (BPS),2023-05-11,0,2023-05-23,"Powerland, a Xerox Business Solutions Company","170 Marion St, Winnipeg, Manitoba","$279,228.82",2023-05-26
Liquor Distribution Branch,,ITQ2023-05-23 Purchase and Renewal of Camtasia Licenses,ITQ2023-05-23 Purchase and Renewal of Camtasia Licenses,Invitation to Quote (BPS),2023-05-11,0,2023-05-31,SOFTCHOICE,"173 DUFFERIN STREET, SUITE 200, TORONTO, Ontario","$6,100.00",2023-06-06
Liquor Distribution Branch,,ITQ2023-05-24 Renewal of ExaGrid Backup Storage Maintenance and Support,ITQ2023-05-24,Invitation to Quote (BPS),2023-05-12,0,2023-05-24,SHI Canada ULC,"895 Don Mills Rd., Toronto, Ontario","$124,905.00",2023-05-30
Liquor Distribution Branch,,Electric Vehicle for Real Estate,ITQ2023-04-24,Invitation to Quote (BPS),2023-04-13,0,2023-04-24,JIM PATTISON LEASE,"4937 Regent St, Burnaby, British Columbia","$80,900.00",2023-04-27
Liquor Distribution Branch,,ITQ2023-04-28 RSA Authentication and Tokens Renewal,ITQ2023-04-28,Invitation to Quote (BPS),2023-04-18,1,2023-04-28,ComplyTec Inc.,"82 Laird Dr, Toronto, Ontario","$19,768.60",2023-05-02
Liquor Distribution Branch,, ITQ2023-03-31 Renewal of IBM V7000 Maintenance and Support, ITQ2023-03-31,Invitation to Quote (BPS),2023-03-21,0,2023-03-31,AniSoft,"Suite 71557, 1453 Johnston Road, White Rock, British Columbia","$38,790.00",2023-04-06
Liquor Distribution Branch,,RFP2023-05-02 Supply and Delivery of Decorations,163255,Request for Proposal (BPS),2023-03-31,2,2023-05-16,Key Innovations Inc.,"#13, 15243 - 91 Avenue, Surrey, British Columbia","$993,816.00",2023-06-19
Liquor Distribution Branch,,RFP2023-05-02 Supply and Delivery of Decorations,163255,Request for Proposal (BPS),2023-03-31,2,2023-05-16,Key Innovations Inc.,"#13, 15243 - 91 Avenue, Surrey, British Columbia","$993,816.00",2023-06-19
Liquor Distribution Branch,,Supply and Delivery of Cardboard Boxes and Sleeves,ITQ2023-04-10,Invitation to Quote (BPS),2023-03-13,1,2023-04-11,The Great Little Box Company,"11300 Twigg Pl, Richmond, British Columbia","$60,000.00",2023-04-21
Liquor Distribution Branch,,"Supply and Delivery of Pallet Movers, Forklifts & Forklift Batteries ",ITQ2023-02-10,Invitation to Quote,2023-01-27,0,2023-02-10,Motive Energy Systems (DBA) Motive Power Products,"2188 Mason St #110, Abbotsford, BC V2T 0J8","$64,500.00",2023-04-03
Liquor Distribution Branch,," Supply and Delivery of Forklift, Forklift batteries and Pallet movers.",ITQ2023-02-10,Invitation to Quote,2023-01-27,0,2023-02-10,Harding Forklift Services,"18623 96 Ave, Surrey, BC V4N 3P6","$173,994.95",2023-04-03
Liquor Distribution Branch,,Facilitation Consulting Services,RFP2023-01-09B,Request for Proposal,2022-11-30,0,2023-01-23,Stacey Holloway and Associates Ltd.,"Suite 303, 2110 York Avenue, Vancouver, BC, V6K 1C3","$525,000.00",2023-04-11
Liquor Distribution Branch,,Facilitation Consulting Services,RFP2023-01-09B,Request for Proposal,2022-11-30,0,2023-01-23,Kwela Leadership and Talent Management Inc.,"1090 17th Street, West Vancouver, BC, V7V 3T9 ","$490,000.00",2023-04-11
Liquor Distribution Branch,,Daily Delivery Services between Richmond an Kamloops (Primary),RFP2023-03-14B,Request for Proposal,2023-02-13,2,2023-03-22,Pacific Coast Distribution Ltd.,"27433 52nd Avenue, Langley, BC, V4W 4B2","$1,125,000.00",2023-05-01
Liquor Distribution Branch,,Daily Delivery Service between Richmond and Kamloops (Secondary),2023-03-14B,Request for Proposal,entered 2023-05-04,0,    ,Van-Kam Freightways Ltd,"10155 Grace Road, Surrey, BC, V3V 3V7","$375,000.00",2023-05-04
Ministry of Agriculture and Food,,Delivery of Environmental Farm Plan program,167886,Request for Proposal,2023-05-08,0,2023-05-29,B.C. Investment Agriculture Foundation,"PO BOX 8248, VICTORIA, British Columbia","$2,400,000.00",2023-06-01
Ministry of Agriculture and Food,,Delivery of Beneficial Management Practice and Extreme Weather Preparedness programs,168005,Request for Proposal,2023-05-08,0,2023-05-29,B.C. Investment Agriculture Foundation,"PO BOX 8248, VICTORIA, British Columbia","$20,000,000.00",2023-06-01
Ministry of Citizens' Services,,Natural Resource Officers Uniforms,9031,Request for Standing Arrangement,entered 2023-04-18,0,    ,Joint Force Tactical ,,"$250,000.00",2023-04-12
Procurement Services Branch ,Ministry of Citizens' Services,Req 44626 - Lenovo Soundbars,5098954,Invitation to Quote,2023-05-02,0,2023-05-15,Microserve,"280 - 4400 Dominion St, Burnaby, British Columbia","$19,597.80",2023-05-25
Procurement Services Branch ,Ministry of Citizens' Services,HINO S5 (19k-176) with 18 foot box and fold up tail,5095278,Invitation to Quote,2023-03-30,0,2023-04-11,Dueck Isuzu Trucks Vancouver Ltd,"400 SE Marine Dr, Vancouver, British Columbia","$121,778.00",2023-04-26
Procurement Services Branch ,Ministry of Citizens' Services,Req 44525 Resolver Quote #Q-26736-1- Perspective Standard SSP,5096442,Invitation to Quote,2023-04-11,0,2023-04-11,Resolver Inc.,"804-111 Peter St, Toronto, Ontario","$9,840.80",2023-04-11
Procurement Services Branch ,Ministry of Citizens' Services,"159050-RFP – CONSTRUCTION MANAGER VICTORIA, BC",159050,Request for Proposal,2023-03-03,0,2023-04-06,Century Group Inc,"590 Beaver Lake Rd, Victoria, British Columbia","$29,920.00",2023-04-26
Procurement Services Branch ,Ministry of Citizens' Services,"160083- RFP-MOVE MANAGEMENT SERVICES  MALAVIEW LABORATORIES  SIDNEY, BC",160083,Request for Proposal,2023-03-03,0,2023-04-06,Health Care Relocations Ltd.,"670 Harper Road, Peterborough ON, Ontario","$179,400.00",2023-04-13
Procurement Services Branch ,Ministry of Citizens' Services,"RFP – PRIME CONSULTANT SERVICES ANTI LIGATURE IMPROVEMENTS  FORENSIC PSYCHIATRIC HOSPITAL COQUITLAM, BC",161148,Request for Proposal,2023-03-13,0,2023-04-12,CHERNOFF THOMPSON ARCHITECTS,"1340 - 1075 West Georgia Street, Vancouver, British Columbia","$301,325.09",2023-04-27
Procurement Services Branch ,Ministry of Citizens' Services,Req 44756 - Check Point Maestro Hyperscale Orchestrator 140 & Maintenance,171685,Invitation to Quote,2023-06-13,0,2023-06-13,Optiv Canada Inc.,"PO Box 15641 Station A, Toronto, Ontario","$39,341.50",2023-06-13
"Ministry of Water, Land and Resource Stewardship","Ministry of Energy, Mines and Low Carbon Innovation",Virtual Home Energy Rating System (VHERS) ,11930,Request for Proposal,2023-01-05,1,2023-02-17,Properate,"2707 Clarke Street, Port Moody, British Columbia","$3,309,000.00",2023-06-21
Ministry of Environment and Climate Change Strategy,,Trophy Meadows and Sheila Lake Backcountry Facility Upgrades,166786,Request for Proposal,2023-04-25,3,2023-05-23,Momentum Mountain Solutions Ltd,"619 5th Avenue, Kimberley, British Columbia","$275,750.00",2023-06-07
Ministry of Environment and Climate Change Strategy,,Rosebery Provincial Park Playground System Installation,ENV24-BCPKO-08,Invitation to Tender,2023-03-01,2,2023-04-04,Momentum Mountain Solutions,,"$75,000.00",2023-04-13
Ministry of Environment and Climate Change Strategy,,Jimsmith Lake Provincial Park- Day Use Playground Installation,ENV24-BCPKO-05,Invitation to Tender,2023-03-09,2,2023-04-11,Softline Solutions Inc.,"4611 Morris Rd NW, Edmonton, Alberta","$163,616.00",2023-04-17
Ministry of Environment and Climate Change Strategy,,Jimsmith Lake Provincial Park Day Use Upgrades,ENV24-BCPKO-01,Invitation to Tender,2023-02-16,2,2023-04-06,Gally Equipment Services Ltd.,"PO Box 21, Moyie, British Columbia","$459,470.29",2023-04-17
Ministry of Environment and Climate Change Strategy,,Surveyors Lake Beach Access Stair Replacement,ENV24-BCPKO-06,Invitation to Tender,2023-02-24,2,2023-04-04,Landtec Ground Experts,"88 Ave, Surrey, British Columbia","$74,600.00",2023-04-17
Ministry of Environment and Climate Change Strategy,,Rosebery Provincial Park Campground Asphalt Paving,ENV24-BCPKO-07,Invitation to Tender,2023-02-28,0,2023-04-04,Selkirk Paving,"1056 Playmor Rd, Crescent Valley, British Columbia","$143,393.77",2023-04-17
Ministry of Environment and Climate Change Strategy,,Skihist Park Electrical Service and Water System Controls,CP24KAE003,Invitation to Tender,2023-03-23,0,2023-04-27,WESTCANA ELECTRIC INC.,"1643 Ogilvie Street, PRINCE GEORGE, British Columbia","$117,400.00",2023-04-27
Ministry of Environment and Climate Change Strategy,,Wells Gray Viewing Platform Design,CP24KAE015,Invitation to Tender,2023-04-28,5,2023-06-02,ISL Engineering and Land Services Ltd.,,"$126,600.00",2023-06-16
Ministry of Environment and Climate Change Strategy,,Topley Landing Provincial Park Well Decommission,158483,Invitation to Quote,2023-02-09,0,2023-03-16,CQC,,"$11,600.00",2023-04-01
Ministry of Environment and Climate Change Strategy,,Lakelse Park Picnic Site Water Upgrades,162210,Invitation to Tender,entered 2023-06-02,0,    ,Progressive Ventures Construction Ltd.,,"$284,379.66",2023-04-20
Ministry of Environment and Climate Change Strategy,,Lakelse Park Picnic Site Water Upgrades,162210,Invitation to Tender,entered 2023-06-02,0,    ,Progressive Ventures Construction Ltd.,,"$284,379.66",2023-04-20
Procurement Services Branch ,Ministry of Environment and Climate Change Strategy,Req 39324 - 3 Aluminum Bridges of varying length and width,5089899,Invitation to Quote,2023-03-07,2,2023-03-23,Pacific Industrial & Marine Ltd.,"5105 Tzouhalem Road, , Duncan, British Columbia","$232,446.00",2023-04-10
Procurement Services Branch ,Ministry of Environment and Climate Change Strategy,Opp. 170589 Outboard Motor Req. 39737,170589,Invitation to Quote,2023-06-01,0,2023-06-01,Valley Marine,"3407A Padgett Rd , Powell River, British Columbia","$18,200.27",2023-06-01
BC Timber Sales Branch ,Ministry of Forests,EN24TLA012 – Road and Bridge Maintenance – Various Locations – Williams Lake Timber Supply Area,EN24TLA012,Invitation to Tender,2023-05-01,1,2023-06-01,Way Out West Contracting Ltd.,"206 - 383 OLIVER STREET, WILLIAMS LAKE, British Columbia","$371,969.00",2023-06-14
BC Timber Sales Branch ,Ministry of Forests,SU24TLH002 - Regeneration Assessment and Free-Growing Surveys - Various Locations - Quesnel and Cascadia Timber Supply Areas.,SU24TLH002,Invitation to Tender,2023-05-05,1,2023-06-01,Blue Collar Silviculture Ltd,"255 Lear Rd, Quesnel, British Columbia","$153,129.50",2023-06-16
Ministry of Forests,,Operational Services for Biological Brushing,BR24WLN001,Request for Proposal,2023-05-10,0,2023-06-08,Vahana Nature Rehabilitation,,"$80,000.00",2023-06-13
Ministry of Forests,,RA24DSE001 - Boothman pivot irrigation purchase and install,RA24DSE001,Invitation to Tender,2023-05-15,0,2023-06-14,DELTA WATER PRODUCTS,,"$206,192.10",2023-06-26
Ministry of Forests,,"100 Mile House Natural Resource District, Forest Service Road Maintenance",EN24DMH020,Invitation to Tender,2023-04-18,0,2023-05-19,T Webber Contracting Ltd.,", , British Columbia","$92,625.00",2023-05-30
Ministry of Forests,,RH24DSE003 - Heavy Equipment Wildfire Rehabilitation Work – South Octopus,159719,Invitation to Tender,2023-02-23,1,2023-03-27,Larry Ronald Richardson,"361 Oak ave , KALEDEN, British Columbia","$4,663.00",2023-06-19
Ministry of Forests,,FFT Program Surveys and Treatment Boundary Layout in the Mackenzie Forest District,10005-40/SU24DMK007-A,Invitation to Tender,2023-03-30,1,2023-05-10,CLAUSEN CONTRACTING LTD,,"$67,719.00",2023-06-12
Ministry of Forests,,Wildfire Risk Reduction Fuel Management Prescription and Field Layout,BPM086096,Invitation to Tender,entered 2023-06-19,0,    ,Maple Leaf Forestry Ltd.,"253 Industrial Road F
Cranbrook, BC","$145,375.00",2023-06-06
Ministry of Forests,,Wildfire Risk Reduction Prescription Development,CS24DPG904,Request for Proposal,entered 2023-06-28,0,    ,Forsite Consultants ,,"$59,405.44",2023-06-28
Ministry of Forests,,Manual Brushing in Prince George,BR24DPG902,Invitation to Tender,entered 2023-06-28,0,    ,Mihis Silviculture Contracting,,"$197,409.00",2023-06-06
Ministry of Forests,,Site Prep Pile and Burn,SP24DPG906,Invitation to Tender,2023-04-20,0,2023-05-30,Doug Brophy Contracting Ltd.,,"$60,000.00",2023-06-15
Ministry of Forests,,Kootenay Lakes Nutrient Dispensing,157093,Request for Proposal,2023-01-25,0,2023-02-19,Graham Marine Construction ,"7778 Balfour Wharf Road, Balfour, British Columbia","$241,000.00",2023-04-11
Ministry of Forests,,RH24DSE001 - Heavy Equipment Wildfire Rehabilitation Work – Fry Creek,159492,Invitation to Tender,2023-02-21,1,2023-03-27,Larry Ronald Richardson,"361 Oak ave , KALEDEN, British Columbia","$1,352.00",2023-04-25
Ministry of Forests,,RH24DSE002 - Heavy Equipment Wildfire Rehabilitation Work – Gilpin,159509,Invitation to Tender,2023-02-21,0,2023-03-27,Larry Ronald Richardson,"361 Oak ave , KALEDEN, British Columbia","$5,150.00",2023-04-25
Ministry of Forests,,FH24DSE001 DOUGLAS-FIR BEETLE FUNNEL TRAPPING– SOUTH ARROW & KOOTENAY LAKE TSAS,158824,Invitation to Tender,2023-02-13,1,2023-03-15,Lindberg Forestry Services,,"$39,075.00",2023-04-20
Ministry of Forests,,MP24TJE010 - Multi-Phase Timber Sale License Development - Ft. St. James,MP24TJE010,Invitation to Tender,2023-04-24,2,2023-05-24,Forest Floor Contracting Ltd.,"PO Box 1570, 153 C E Stewart Street
Vanderhoof, BC V0J 3A0","$228,420.00",2023-05-31
Ministry of Forests,,EN24PGN304- Routine Bridge & Major Culvert Inspections- DMK,166940,Invitation to Tender,2023-04-27,0,2023-05-16,BASIS Engineering,,"$187,994.00",2023-05-31
Ministry of Forests,,EN24PGN306 - Routine Bridge & Major Culvert Inspections- DPG (McBride Area),167082,Invitation to Tender,2023-04-27,0,2023-05-18,Onsite Engineering Ltd,,"$98,617.50",2023-05-30
Ministry of Forests,,Wildfire Risk Reduction Fuel Management Prescription and Field Layout,BPM086096,Invitation to Tender,entered 2023-06-06,0,    ,Maple Leaf Forestry Ltd.,"253 Industrial Road F
Cranbrook, BC","$145,375.00",2023-06-06
Ministry of Forests,,FFT Tree Planting in the Mackenzie Forest District,10005-40/PL24DMK006,Invitation to Tender,2023-02-08,0,2023-04-17,FOLKLORE CONTRACTING LTD.,,"$779,422.16",2023-05-10
Ministry of Forests,,Fisheries Biologist and Environmental Monitoring,GS24NAN600,Invitation to Tender,2023-03-10,0,2023-04-04,Mainstream Biological Consulting,,"$59,672.00",2023-04-06
Ministry of Forests,,Omineca River Bridge Debris Removal,10005-40/EN24DMK004,Invitation to Tender,2023-02-28,0,2023-03-20,Lepka Holdings Ltd.,,"$19,400.00",2023-04-04
Ministry of Forests,,Remote Piloted Aircraft System (RPAS) Aerial Plastic Sphere Dispenser (PSD) Ignition Trials of The IGNIS 2.0,162166,Request for Standing Arrangement,2023-03-24,0,2023-04-03,Hummingbird Drones Inc. ,,"$75,000.00",2023-04-28
Ministry of Forests,,D'Arcy Road Maintenance,165999,Invitation to Tender,2023-04-19,0,2023-05-02,greg thompson,,"$107,993.50",2023-05-02
Ministry of Forests,,Environmental Services,164986,Invitation to Tender,2023-04-13,0,2023-04-28,JBL Environmental Services Ltd.,,"$87,500.00",2023-04-28
Ministry of Forests,,Haida Gwaii - Graham Island FSR Maintenance EN24NAN804,166313,Invitation to Tender,entered 2023-05-10,0,    ,Skidegate Inlet Construction Ltd,1229 Oceanview Dr,"$57,900.00",2023-05-10
Procurement Services Branch ,Ministry of Forests,"Req 5096637 - Design, fabricate, supply 1 steel girder/concrete deck Bridge",5096637,Invitation to Quote,2023-04-18,1,2023-05-02,Rapid-Span Structures Limited Partnership,"1145 Industrial Dr, Armstrong, British Columbia","$251,770.00",2023-05-09
Procurement Services Branch ,Ministry of Forests,Req 56501 - Western Red and/or Yellow Cedar for use in Wood Box Culverts,5097955,Invitation to Quote,2023-04-21,1,2023-05-02,Skidegate Band Council,"848 BC-16, Skidegate, British Columbia","$25,350.00",2023-05-05
Procurement Services Branch ,Ministry of Forests,BC BID FY24 FOR BCWS FORD F-550 CHASSIS 4X4 SD CREW CAB DIESEL,5098973,Invitation to Quote,2023-06-09,0,2023-06-09,"Ford Motor Company of Canada, Limited","The Canadian Rd , Oakville, Ontario","$405,125.00",2023-06-27
Procurement Services Branch ,Ministry of Forests,"Req 56718 - Supply, deliver and install warehouse racking and shelving",5098186,Invitation to Quote,2023-05-02,0,2023-05-12,Matthews Store Fixtures & Shelving,"810 Shamrock St, Victoria, British Columbia","$179,000.00",2023-05-30
Procurement Services Branch ,Ministry of Forests,"FORD F250 4WD_the_slash_AWD, CREW CAB - 14 UNITS - KAMLOOPS",5098181,Invitation to Quote,2023-05-31,0,2023-05-31,"Ford Motor Company of Canada, Limited","The Canadian Rd , Oakville, Ontario","$921,760.00",2023-05-31
Procurement Services Branch ,Ministry of Forests,"BC BID FY24 FOR FORD F250 4WD/AWD, CREW CAB - 2 UNITS - NANAIMO",5098180,Invitation to Quote,2023-05-30,0,2023-05-30,"Ford Motor Company of Canada, Limited","The Canadian Rd , Oakville, Ontario","$131,680.00",2023-05-31
Procurement Services Branch ,Ministry of Forests,"Req 56300 - Design, Fabricate and Deliver 1 All Steel Portable Bridge (CK-2588)",5096508,Invitation to Quote,2023-04-11,0,2023-04-21,Stinger Welding Ltd,,"$142,500.00",2023-04-26
Procurement Services Branch ,Ministry of Forests,"Req 55957 - Husqvarna Brand Bar, Chains, and other items",5096087,Invitation to Quote,2023-03-24,0,2023-04-04,Arrow Equipment Ltd,"1470 Pemberton Ave, North Vancouver, British Columbia","$214,308.00",2023-04-13
Procurement Services Branch ,Ministry of Forests,Req 55853 - SIDE BY SIDE ATV - 1 UNIT - WILLIAMS LAKE,166404,Invitation to Quote,2023-04-21,0,2023-04-21,Spectra Power Sports,"770 N Broadway Ave, Williams Lake, British Columbia","$15,342.00",2023-04-21
Procurement Services Branch ,Ministry of Forests,"Req 56026 - OEM ICOM AD-135, Radio Adapter with  3.55mm Jack",5095448,Invitation to Quote,2023-03-28,1,2023-04-11,ICOM Canada Holdings Inc,"150-6165 Hwy 17, Delta, British Columbia","$62,655.00",2023-04-13
Procurement Services Branch ,Ministry of Forests,"Req 55450 - STIHL Brand Chainsaw Bar, Chain, Other Items",5092998,Invitation to Quote,2023-03-29,0,2023-04-11,Western Equipment Ltd,"5219 192 St, Surrey, British Columbia","$162,626.00",2023-04-17
Procurement Services Branch ,Ministry of Forests,Req 57040 - Fabricate and supply timber bridge materials for various locations throughout BC,5102166,Invitation to Quote,2023-05-26,1,2023-06-07,Stinger Welding Ltd,,"$261,644.00",2023-06-28
Procurement Services Branch ,Ministry of Forests,BC BID FY24 FOR FORD F-350 SRW Crew/Diesel Chassis Unit 101107 -,5096399,Invitation to Quote,2023-06-09,0,2023-06-09,"Ford Motor Company of Canada, Limited","The Canadian Rd , Oakville, Ontario","$74,879.00",2023-06-26
Procurement Services Branch ,Ministry of Forests,Req 57271 DEER TRACKING COLLARS,172936,Invitation to Quote,2023-06-27,0,2023-06-27,VECTRONIC Aerospace GmbH,,"$31,067.60",2023-06-27
Ministry of Health,,IMIT Resources for Vital Stats,RFPHL2023-012B,Request for Proposal,2023-02-23,1,2023-03-21,Quartech,"2889 East 12th Ave , Vancouver, British Columbia","$2,550,000.00",2023-05-25
Procurement Services Branch ,Ministry of Health,Req 9474 - Symphony Integrated Library System Maintenance and Support Renewal,5104187,Invitation to Quote,2023-06-15,0,2023-06-15,SirsiDynix,"3300 N Ashton Blvd, Lehi, Utah ","$20,643.83",2023-06-29
Ministry of Housing,,Training videos and materials for updated Part 3 and Part 9 Energy Compliance Tools,163265,Request for Proposal,2023-03-31,1,2023-05-02,Focal Engineering,"467 John St, Victoria, British Columbia","$52,200.00",2023-05-25
Ministry of Housing,,Methodologies for Estimating Local Government Housing Needs and Setting Municipal Housing Targets,160717,Request for Proposal,2023-03-09,0,2023-03-26,URBAN SYSTEMS LTD.,"1353 Ellis Street
Kelowna BC 
V1Y 1Z9","$180,000.00",2023-04-01
Procurement Services Branch ,Ministry of Municipal Affairs,VMC landscape truck with dump box,5096255,Invitation to Quote,2023-03-30,0,2023-03-30,Pioneer Garage Limited,"33320 1 Ave, Mission, British Columbia","$160,841.75",2023-04-13
Ministry of Post Secondary Education and Future Skills,,Career Trek and WorkBC Video Production Project,157520,Request for Proposal,2023-01-27,1,2023-03-07,Sandbox Inc.,"72 Stafford St, Toronto, Ontario","$775,000.00",2023-06-19
Ministry of Public Safety and Solicitor General,,RFP FOR INDIGENOUS CULTURAL LIAISON SERVICES AT SURREY PRETRIAL SERVICES CENTRE,SPSCICL2324,Request for Proposal,2023-02-06,0,2023-03-06,Lloyd Martin,"3495 Viewmount Place, Abbotsford, BC, V2T 6S1","$262,500.00",2023-04-04
Ministry of Public Safety and Solicitor General,,RFP for Community Reintegration Services at Surrey Pretrial Services Centre,SPSCCOMM2324,Request for Proposal,2023-02-07,0,2023-03-07,PWS,"15148 Victoria Avenue, White Rock, BC V4B 1G","$368,550.00",2023-04-24
Ministry of Public Safety and Solicitor General,,RFP for Life Skills Services at Surrey Pretrial Services Centre,SPSCLlIFE2324,Request for Proposal,2023-02-07,0,2023-03-07,PWS,"15148 Victoria Avenue, White Rock, BC V4B 1GB","$171,675.00",2023-04-24
Ministry of Public Safety and Solicitor General,,Indigenous Cultural Liaison,162960,Request for Proposal,2023-03-29,0,2023-04-26,Ravens Vision,"11789 Creekside St
Maple Ridge Bc
V4R2V4","$64,770.00",2023-05-31
Ministry of Public Safety and Solicitor General,,Adult Counselling and Rehabilitation - Clients,SGCORR2415BFD800010,Direct Award,entered 2023-04-11,0,    ,John Howard Society of Okanagan & Kootenay,"1440 St. Paul Street, Kelowna, BC  V1Y 2E6","$70,000.00",2023-04-01
Ministry of Public Safety and Solicitor General,,Job readiness and Vocational Rehabilitation - Clients,SGCORR2315BFD80006,Direct Award,entered 2023-04-13,0,    ,Canadian Mental Health Association - South Okanagan Similkameen,"2852 Skaha Lake Road, Penticton, BC, V2A 6G1","$19,690.00",2023-04-01
Ministry of Public Safety and Solicitor General,,Job Readiness & Vocational Rehabilitation - Clients,SGCORR2315BFD80007,Direct Award,entered 2023-04-14,0,    ,CITI-Consulting Ltd.,"107 Canoe Crescent SW, Airdrie, AB, T4B 2N9","$30,600.00",2023-04-01
Ministry of Public Safety and Solicitor General,,Counselling and Life Skills Rehabilitation - Clients,SGCORR2315BFD80005,Direct Award,entered 2023-04-14,0,    ,Desert Sun Counselling and Resource Centre,"762 Fairview Road, Oliver, BC, V0H 1T0","$17,500.00",2023-04-01
Ministry of Public Safety and Solicitor General,,Counselling and Community Reintegration - Clients,SGCORR2415BFD800001,Direct Award,entered 2023-04-14,0,    ,Osoyoos Indian Band,"1155 Sen Pok Chin Blvd. Oliver, BC V0H 1T8","$70,215.00",2023-04-01
Ministry of Public Safety and Solicitor General,,Counselling and Spiritual Guidance/Healing - Clients,SGCORR2315BFD800009,Direct Award,entered 2023-04-14,0,    ,Osoyoos Indian Band,"1155 Sen Pok Chin Blvd. Oliver, BC V0H 1T8","$69,725.00",2023-04-01
Ministry of Public Safety and Solicitor General,,Equine Program - Clients,SGCORR2415BFD800003,Direct Award,entered 2023-04-14,0,    ,Osoyoos Indian Band,"1155 Sen Pok Chin Blvd. Oliver, BC V0H 1T8","$41,126.00",2023-04-01
Ministry of Public Safety and Solicitor General,,Job Readiness & Vocational Rehabilitation - Clients,OCCFY2324CMHA01,Notice of Intent (BPS),entered 2023-03-16,0,    ,Canadian Mental Health Association - South Okanagan Similkameen,"2852 Skaha Lake Road
Penticton, BC   V0H 6G1","$37,590.00",2023-04-01
Procurement Services Branch ,Ministry of Public Safety and Solicitor General,req 8581 - Nissan Qashqai AWD S CVT (Prince George),5102350,Invitation to Quote,2023-06-16,0,2023-06-16,Bannister Nissan of Chilliwack,"8287 Young Rd, Chilliwack, British Columbia","$32,019.00",2023-06-16
Procurement Services Branch ,Ministry of Public Safety and Solicitor General,req 8580 - 2023 Nissan Qashqai AWD S CVT - Terrace,5102349,Invitation to Quote,2023-06-16,0,2023-06-16,Bannister Nissan of Chilliwack,"8287 Young Rd, Chilliwack, British Columbia","$32,019.00",2023-06-16
Procurement Services Branch ,Ministry of Public Safety and Solicitor General,2023 Nissan Qashqai AWD S CVT (Williams Lake),5102345,Invitation to Quote,2023-06-16,0,2023-06-16,Bannister Nissan of Chilliwack,"8287 Young Rd, Chilliwack, British Columbia","$32,019.00",2023-06-16
Procurement Services Branch ,Ministry of Public Safety and Solicitor General,req 8561 - Mitsubishi Outlander ES S-AWC. NWP-ITQ Selector code B3-4  (Nanaimo),5100207,Invitation to Quote,2023-05-16,0,2023-05-16,"MITSUBISHI MOTOR SALES OF CANADA, INC.","2090 Matheson Blvd E, Mississauga, Ontario","$34,934.00",2023-05-18
Procurement Services Branch ,Ministry of Public Safety and Solicitor General,req 8560 - Mitsubishi Outlander ES S-AWC. NWP-ITQ Selector code B3-4 (Kelowna),5100206,Invitation to Quote,2023-05-16,0,2023-05-16,"MITSUBISHI MOTOR SALES OF CANADA, INC.","2090 Matheson Blvd E, Mississauga, Ontario","$34,934.00",2023-05-18
Procurement Services Branch ,Ministry of Public Safety and Solicitor General,Mitsubishi Outlander ES S-AWC. NWP-ITQ Selector code B3-4  (Chilliwack),5100204,Invitation to Quote,2023-05-17,0,2023-05-17,"MITSUBISHI MOTOR SALES OF CANADA, INC.","2090 Matheson Blvd E, Mississauga, Ontario","$34,934.00",2023-05-18
Procurement Services Branch ,Ministry of Public Safety and Solicitor General,Mitsubishi Outlander ES S-AWC. NWP-ITQ Selector code B3-4,5100202,Invitation to Quote,2023-05-16,0,2023-05-16,"MITSUBISHI MOTOR SALES OF CANADA, INC.","2090 Matheson Blvd E, Mississauga, Ontario","$69,868.00",2023-05-18
Procurement Services Branch ,Ministry of Public Safety and Solicitor General,Mitsubishi Outlander ES S-AWC. NWP-ITQ Selector code B3-4,5100195,Invitation to Quote,2023-05-15,0,2023-05-15,"MITSUBISHI MOTOR SALES OF CANADA, INC.","2090 Matheson Blvd E, Mississauga, Ontario","$69,868.00",2023-05-17
Ministry of Citizens' Services,Ministry of Transportation and Infrastructure,Demolition ADR-1017672,161814,Request for Submissions,2023-03-17,3,2023-04-13,GHOTRA EXCAVATING & TRUCKING LTD,"108 AVE, SURREY, British Columbia","$55,725.00",2023-04-21
Ministry of Transportation and Infrastructure,,"Cariboo District Thermoplastic, Crosshatch Paint and Gore Paint ",23353MJ2023,Invitation to Tender,2023-05-04,0,2023-06-07,Infinite Roadmarking Ltd,"Unit 108, 30755 Simpson Road, Unit 108, Abbotsford, British Columbia","$410,169.36",2023-06-16
Ministry of Transportation and Infrastructure,,As & When General Engineering Services for Highway Design- Less Complex Assignments,01052023,Request for Proposal,2023-01-05,0,2023-02-02,Associated Engineering (B.C.) Ltd.,,"$995,000.00",2023-04-11
Ministry of Transportation and Infrastructure,,As & When General Engineering Services for Highway Design- Less Complex Assignments,01052023,Request for Proposal,2023-01-05,0,2023-02-02,Parsons Inc.,,"$995,000.00",2023-04-11
Ministry of Transportation and Infrastructure,,PTB-2023-01 Professional Services and Data Analysis,RFP-PTB230117,Request for Proposal,2023-01-17,0,2023-02-08,Acuere Consulting Inc.,"6540 Roberts St, Suite 255, Burnaby, British Columbia","$300,000.00",2023-06-02
Ministry of Transportation and Infrastructure,,Communications & Engagement Services,159495,Request for Proposal,2023-02-21,1,2023-03-21,ISL Engineering and Land Services Ltd.,"201 - 3999 Henning Drive, Burnaby BC  V5C 6P9","$1,000,000.00",2023-06-21
Ministry of Transportation and Infrastructure,,Development Services,PLMB-DEVS-01,Request for Proposal,entered 2023-06-30,0,    ,Colliers Strategy and Consulting Inc.,"200 Granville Street, 19th Floor Vancouver BC V6C 2R6","$2,000,000.00",2023-04-24
Ministry of Transportation and Infrastructure,,Transportation Consultants,ON-003692,Request for Proposal,2021-09-23,3,2021-10-25,Access Planning ,"50 West 17th Avenue, Vancouver BC V5Y 1Z4","$144,000.00",2023-04-28
Ministry of Transportation and Infrastructure,,RISP 41182 General Engineering Services for Structural Asset Management and Design Northern Region 2022,RFP-AMB-RISP41182,Request for Proposal,2022-12-15,1,2023-01-26,Stantec Architecture Ltd.,"#300 - 175 2nd Avenue, Kamloops, BC V2C 5W1","$950,000.00",2023-06-09
Ministry of Transportation and Infrastructure,,RISP 41182 General Engineering Services for Structural Asset Management and Design Northern Region 2022,RFP-AMB-RISP41182,Request for Proposal,2022-12-15,1,2023-01-26,Morrison Hershfield,,"$950,000.00",2023-06-12
Ministry of Transportation and Infrastructure,,Earthquake Early Warning Station and Support Services,8675,Request for Proposal,entered 2023-06-28,0,    ,Nanometrics,"3001 Solandt Road, Kanata ON K2K 2M6","$1,423,800.00",2023-05-26
Ministry of Transportation and Infrastructure,,Request for Proposal (RFP) Real Estate Advisory Services,PLMB-REAS-02,Request for Proposal,2022-11-10,2,2022-12-09,EY LLP,"1066 W Hastings St 
Vancouver BC 
V6E 3X2","$2,000,000.00",2023-06-22
Ministry of Transportation and Infrastructure,,Communications & Engagement Services,159495,Request for Proposal,2023-02-21,1,2023-03-21,Kirk & Co.,"610 - 999 West Hastings Street, Vancouver BC  V6C 2W2","$1,000,000.00",2023-06-23
Ministry of Transportation and Infrastructure,,Request for Proposal (RFP) Real Estate Advisory Services,PLMB-REAS-02,Request for Proposal,2022-11-10,2,2022-12-09,PwC,"Bentall 5 
Vancouver BC
V6C 0A3","$2,000,000.00",2023-05-08
Ministry of Transportation and Infrastructure,,RFP Development Services - PLMB-DEVS-01,9202,Request for Proposal,2022-11-16,1,2022-12-09,Pooni Group,"1500-1021 West Hastings St.
Vancouver, BC
V6E 0C3","$2,000,000.00",2023-06-30
Ministry of Transportation and Infrastructure,,RFP Development Services - PLMB-DEVS-01,9202,Request for Proposal,2022-11-16,1,2022-12-09,Colliers Project Leaders,"200 Granville St, 19th Floor
Vancouver, BC
V6C 2R6","$2,000,000.00",2023-05-23
Ministry of Transportation and Infrastructure,,RFP Land Use Planning Services - LUPS-01,9976,Request for Proposal,2022-12-05,1,2023-01-20,Access Planning ,"50 West 17th Ave
Vancouver, BC
V5Y 1Z4","$2,000,000.00",2023-04-12
Ministry of Transportation and Infrastructure,,RFP Land Use Planning Services - LUPS-01,9976,Request for Proposal,2022-12-05,1,2023-01-20,VIA- A Perkins Eastman Studio,"270-601 West Cordova Street
Vancouver, BC
V6B 1G1","$2,000,000.00",2023-04-06
Ministry of Transportation and Infrastructure,,OnRouteBC Financial Risk & Controls Review,RFP-CVSE230310,Request for Proposal,entered 2023-06-30,0,    ,MNP LLP,"888 Fort Street, Suite 300, Victoria BC  V8W 1H8","$44,500.00",2023-04-24
Ministry of Transportation and Infrastructure,,Decision-Making Framework and Assessment Tools,RFP-DMF-221223,Request for Proposal,entered 2023-06-30,0,    ,Steer Davies Gleave North America Incorporated,"40 University Avenue, Suite 606, Toronto ON m5J 1T1","$800,000.00",2023-04-06
Ministry of Transportation and Infrastructure,,Land Use Planning Services,9976,Request for Proposal,2022-12-05,1,2023-01-20,VIA- A Perkins Eastman Studio,"270 - 601 West Cordova Street, Vancouver BC","$2,000,000.00",2023-04-06
Procurement Services Branch ,Ministry of Transportation and Infrastructure,Req 151 ScanPro 2500 All in One USB 3.1 model,5093137,Invitation to Quote,2023-06-21,0,2023-06-21,Micro Com Systems,"8527 Eastlake Dr, Burnaby, British Columbia","$13,515.00",2023-06-21
Procurement Services Branch ,Ministry of Transportation and Infrastructure,Req 168 - Supply and delivery of five types of interlocking concrete block,5101209,Invitation to Quote,2023-05-26,0,2023-06-05,Lock-Block Ltd.,,"$399,018.00",2023-06-07
Procurement Services Branch ,Ministry of Transportation and Infrastructure,Req 171 - Supply and delivery of five types of WGB aggregates and ripraps,5101218,Invitation to Quote,2023-05-26,0,2023-06-05,Lafarge Canada Inc.,"2300 Rogers Ave, Coquitlam, British Columbia","$634,086.00",2023-06-08
Procurement Services Branch ,Ministry of Transportation and Infrastructure,CVO Self Test Transponder Product Number: 802155-447,5096274,Invitation to Quote,2023-04-10,0,2023-04-10,Kapsch TrafficCom Canada Inc.,"6020 Ambler Dr, Mississauga, Ontario","$72,000.00",2023-04-10
Procurement Services Branch ,Ministry of Transportation and Infrastructure,Req 5094836 - Supply and delivery of five pre-cast concrete box culverts,5094836,Invitation to Quote,2023-03-09,0,2023-03-20,Leko Precast Ltd,"9538-HWY 97 NORTH, VERNON, British Columbia","$352,802.00",2023-04-13
"Ministry of Water, Land and Resource Stewardship",,ATLIN TAKU LAND USE PLAN IMPLEMENTATION – STRATEGIC ADVISOR,169726,Request for Proposal,2023-05-24,1,2023-06-21,HRM Hilltop Resource Management,", Smithers, British Columbia","$98,525.00",2023-06-28
"Ministry of Water, Land and Resource Stewardship",,What We Heard Summary Engagement Reports for the Watershed Security Strategy and the Coastal Marine Strategy,161917,Request for Proposal,2023-03-20,0,2023-04-19,Monique Keiran,,"$62,300.00",2023-05-05
Procurement Services Branch ,"Ministry of Water, Land and Resource Stewardship","Req 56303 - FERTILIZER FOR ALOUETTE RESERVOIR, 18.72 MT 10-34-0 and 75.84 MT of 28-0-0",5096543,Invitation to Quote,2023-04-17,1,2023-04-27,Terralink Horticulture Inc.,"464 Riverside Rd, Abbotsford, British Columbia","$80,144.52",2023-04-27
Procurement Services Branch ,"Ministry of Water, Land and Resource Stewardship",PinPoint Argos 120,5104138,Invitation to Quote,2023-06-12,0,2023-06-12,Lotek Wireless Inc,"115 Pony drive, Newmarket, Ontario","$20,440.00",2023-06-20
Procurement Services Branch ,"Ministry of Water, Land and Resource Stewardship",Req 56841 - FERTILIZER FOR WAHLEACH RESERVOIR,5100140,Invitation to Quote,2023-05-09,0,2023-05-19,Terralink Horticulture Inc.,,"$9,789.20",2023-05-29
Ministry of Transportation and Infrastructure,Northern Regional Office ,Hot-in-Place Recycling 2023/2024 Hwy 37 and 37A Bear Glacier to Bell Irving 1  93.7 Lane KM,38209MJ0000,Invitation to Tender,2023-03-28,1,2023-05-04,Peters Bros. Construction Ltd.,"716 Okanagan Avenue East |, Penticton, British Columbia","$7,278,211.00",2023-06-06
Ministry of Transportation and Infrastructure,Northern Regional Office ,NR Rumble Strip Program 2023/24,38235MJ0000,Invitation to Tender,2023-03-29,0,2023-05-02,DUNWELL INNOVATIONS INC,"510-1708 Dolphin Avenue, Kelowna, British Columbia","$163,692.00",2023-05-10
Ministry of Transportation and Infrastructure,Northern Regional Office ,Graded Aggregate Sealcoat 2023/2024 Skeena Area (61.3 Lane Km),38228MJ0000,Invitation to Tender,2023-03-20,1,2023-04-12,White Bear Industries Ltd,"3998 Desjardins Ave, THORNHILL, British Columbia","$3,402,550.00",2023-04-20
Ministry of Transportation and Infrastructure,Northern Regional Office ,Graded Aggregate Seal Coat 2023/24 Hwy 16 McBride Area (120.3 Lane Km),38211MJ0000,Invitation to Tender,2023-03-09,2,2023-04-13,White Bear Industries Ltd,"3998 Desjardins Ave, THORNHILL, British Columbia","$5,181,698.40",2023-04-25
Ministry of Transportation and Infrastructure,Northern Regional Office ,Alaska Hwy 97 - 230 Road Intersection Improvements,37798MJ0000,Invitation to Tender,2023-02-10,1,2023-03-23,Brocor Construction Ltd,"2537 Water Treatment Road, Dawson Creek, British Columbia","$3,421,745.56",2023-04-11
Procurement Services Branch ,OCIO Enterprise Services ,AWS Technical Lead,165607,Request for Proposal,2023-04-14,3,2023-05-11,Autimo,"1743 Charles St., Vancouver, British Columbia","$1,200,000.00",2023-05-26
BC Timber Sales Branch ,Okanagan-Columbia ,SU24TKJ006 - Silviculture Surveys - NZ,SU24TKJ006 - TOC,Invitation to Tender,2023-03-08,0,2023-04-05,Vision Forestry,,"$29,906.00",2023-04-20
BC Timber Sales Branch ,Okanagan-Columbia ,SD24TKN005 - Multiphase Timber Sale Development - SZ ,SD24TKN005 - TOC,Invitation to Tender,2023-04-24,1,2023-05-17,drake forestry services ltd,"1936 Bayview Court, West Kelowna, British Columbia","$378,320.00",2023-06-12
BC Timber Sales Branch ,Okanagan-Columbia ,SD24TKR024 - Multiphase Timber Sale Licence Development - Revelstoke,SD24TKR024 - TOC,Invitation to Tender,2023-04-24,0,2023-05-23,Cabin Resource Management,,"$268,620.00",2023-06-05
BC Timber Sales Branch ,Okanagan-Columbia ,EN24TKE027 - Roadside Brushing and Forest Road Grading - NZ,EN24TKE027 - TOC,Invitation to Tender,2023-04-20,1,2023-05-11,O.K. Forestry Road Maintenance,,"$63,044.10",2023-05-30
BC Timber Sales Branch ,Okanagan-Columbia ,SD24TKN015 - Multiphase Timber Sale Development - SZ,SD24TKN015 - TOC,Invitation to Tender,2023-04-27,0,2023-05-24,Cabin Resource Management Ltd.,"V1T 9G1, Vernon, British Columbia","$253,070.00",2023-06-07
BC Timber Sales Branch ,Okanagan-Columbia ,SD24TKR023 - MultiPhase Timber Sale License Development - Golden,SD24TKR023 - TOC,Invitation to Tender,2023-04-11,1,2023-05-08,Pioneer Forest Consulting Ltd.,"806 9th street north, Golden, British Columbia","$316,262.00",2023-05-24
BC Timber Sales Branch ,Okanagan-Columbia ,SP24TKJ009 - Mechanical Site Preparation - NZ,SP24TKJ009 - TOC,Invitation to Tender,2023-03-22,1,2023-04-13,Midwest Excavating Ltd.,,"$201,274.00",2023-04-18
BC Timber Sales Branch ,Okanagan-Columbia ,IM24TKJ021 - Implementation - NZ,IM24TKJ021 - TOC,Invitation to Tender,2023-03-30,0,2023-04-20,Paul James Toovey,,"$31,100.00",2023-04-28
BC Timber Sales Branch ,Peace-Liard ,SU24TDF001 YR1 -  MSQ Silviculture Surveys in the Fort St. John TSA,SU24TDF001 YR1,Invitation to Tender,2023-02-16,0,2023-03-21,Pathocon Consulting ,,"$52,972.00",2023-04-21
BC Timber Sales Branch ,Peace-Liard ,"SU24TDE003 - Silviculture Surveys, Dawson Creek",SU24TDE003,Invitation to Tender,2023-03-14,0,2023-04-12,Adlard Environmental,"275 Rd, Charlie Lake, British Columbia","$183,673.09",2023-05-23
BC Timber Sales Branch ,Peace-Liard ,"AA24TDA001 - Professional Archaeological Services, Peace-Liard Business Area",AA24TDA001,Invitation to Tender,2023-04-18,1,2023-05-16,Synergy Land and Environmental Services Ltd,"10016 106 St, Fort St. John, British Columbia","$274,190.00",2023-06-19
BC Timber Sales Branch ,Peace-Liard ,BR24TDF001 - Manual Brushing in the Fort St. John TSA,BR24TDF001,Invitation to Tender,2023-03-22,0,2023-04-18,Mihis Silviculture Contracting,"2363 Sadler Drive, Prince George , British Columbia","$330,410.00",2023-05-17
BC Timber Sales Branch ,Peace-Liard ,IM24TDE001 Spring Tree Planting Implementation and Regeneration Surveys in the Dawson Creek Timber Supply Area,IM24TDE001,Invitation to Tender,2023-04-04,1,2023-05-03,CELTIC REFORESTATION SERVICES LTD.,"1991 1ST AVE, PRINCE GEORGE, British Columbia","$61,640.00",2023-05-23
BC Timber Sales Branch ,Peace-Liard ,SD24TDE002 Multiphase Timber Sale Development in the Dawson Creek Timber Supply Area and Tree Farm Licence 48,SD24TDE002,Invitation to Tender,2023-03-31,2,2023-05-09,IndustrialForestry Service Ltd.,"1595 5TH AVENUE, Prince George, British Columbia","$1,639,996.00",2023-05-30
Attorney General,Policy and Legislation Division ,Policy Consulting,167878,Contract Award Notice,2023-05-05,0,2023-05-15,"Ronald C.C. Cuming, K.C.",,"$60,000.00",2023-04-09
BC Timber Sales Branch ,Prince George ,SU24TGC002 - Silviculture Surveys,SU24TGC002,Invitation to Tender,2023-03-22,0,2023-04-12,Wright Canada Holdings Ltd. O/A Spectrum Resource Group,,"$139,640.00",2023-05-02
BC Timber Sales Branch ,Prince George ,EN24TGF013 - Walker POB Road Maintenance,EN24TGF013,Invitation to Tender,2023-05-03,0,2023-05-17,Specialized Forest Management Inc.,", Dunster, British Columbia","$160,282.70",2023-06-08
BC Timber Sales Branch ,Prince George ,SP24TGE002 - Road Rehabilitation and Deactivation Work in Mackenzie Forest District,SP24TGE002,Invitation to Tender,2023-04-25,1,2023-05-25,Yus Cho Enterprises,"PO BOX  1771, Fort Saint James , British Columbia","$118,347.60",2023-06-01
BC Timber Sales Branch ,Prince George ,EN24TGF005 - Chichouyenily Road Upgrade,EN24TGF005,Invitation to Tender,2023-03-16,0,2023-04-13,Nahanni Construction Ltd,"7840 hwy 16 west, Prince George, British Columbia","$242,090.00",2023-04-27
BC Timber Sales Branch ,Prince George ,BR24TGE004 - Manual Brushing in the Mackenzie District,BR24TGE004,Invitation to Tender,2023-03-21,1,2023-04-20,Mihis Silviculture Contracting,"2363 Sadler Drive, Prince George , British Columbia","$748,544.00",2023-04-28
BC Timber Sales Branch ,Prince George ,BR24TGE003 - Manual Brushing in the Mackenzie District,BR24TGE003,Invitation to Tender,2023-03-17,1,2023-04-18,Rhino Reforestation Services Inc,"1209 FOURTH AVENUE, PRINCE GEORGE, British Columbia","$302,545.84",2023-04-27
BC Timber Sales Branch ,Prince George ,EN24TGF006 - Road Sign Installation and Grass Seeding,EN24TGF006,Invitation to Tender,2023-02-23,0,2023-03-23,Mackenzie Forestry Services,"11210 HWY 39, Mackenzie, British Columbia","$18,000.00",2023-04-13
BC Timber Sales Branch ,Prince George ,EN24TGF009 - Hominka Bridge Installations and Road Maintenance,EN24TGF009,Invitation to Tender,2023-02-14,1,2023-03-14,Nahanni Construction Ltd,"7840 hwy 16 west, Prince George, British Columbia","$305,670.00",2023-04-03
BC Timber Sales Branch ,Prince George ,EN24TGF011 - Bridge Repairs,EN24TGF011,Invitation to Tender,2023-05-11,0,2023-06-01,Stinger Welding Ltd,,"$52,250.00",2023-06-05
BC Timber Sales Branch ,Prince George ,PD24TGB001 - Reconnaissance Survey for Planned Blocks and Roads – Prince George Natural Resource District,PD24TGB001,Invitation to Tender,2023-05-08,0,2023-06-06,Forsite Consultants ,"330 42nd St SW, Salmon Arm, British Columbia","$73,800.00",2023-06-13
Procurement Services Branch ,,Natural Resource Officer Uniforms,9031,Request for Standing Arrangement,2023-01-06,2,2023-02-15,Joint Force Tactical ,,"$125,000.00",2023-04-12
Procurement Services Branch ,,Flood and Debris Management Consulting Services,156666,Request for Standing Arrangement,2023-03-01,0,2023-03-28,ASHO Projects,"202 24th STREET WEST
NORTH VANCOUVER, BC 
V7M 2C4","$250,000.00",2023-04-12
Procurement Services Branch ,,Flood and Debris Management Consulting Services,156666,Request for Standing Arrangement,2023-03-01,0,2023-03-28,Associated Engineering (B.C.) Ltd.,"#500 - 2889 East 12th Avenue
Vancouver, BC
 V5M 4T5 ","$250,000.00",2023-04-12
Procurement Services Branch ,,Flood and Debris Management Consulting Services,156666,Request for Standing Arrangement,2023-03-01,0,2023-03-28,BGC Engineering,"500-980 Howe Street
Vancouver, BC, V6Z 0C8","$250,000.00",2023-04-12
Procurement Services Branch ,,Flood and Debris Management Consulting Services,156666,Request for Standing Arrangement,2023-03-01,0,2023-03-28,DWB Consulting Services Ltd.,"1579 9 Avenue
Prince George, BC
V2L 3R8","$250,000.00",2023-04-12
Procurement Services Branch ,,Flood and Debris Management Consulting Services,156666,Request for Standing Arrangement,2023-03-01,0,2023-03-28,KWL,"200-4185 Still Creek Drive
Burnaby, BC 
V5C 6G9","$250,000.00",2023-04-12
Procurement Services Branch ,,Flood and Debris Management Consulting Services,156666,Request for Standing Arrangement,2023-03-01,0,2023-03-28,MCELHANNEY LTD,"200 – 858 Beatty Street
Vancouver BC Canada
V6B 1C1","$250,000.00",2023-04-12
Procurement Services Branch ,,Flood and Debris Management Consulting Services,156666,Request for Standing Arrangement,2023-03-01,0,2023-03-28,RAM,"700-409 Granville Street, Vancouver BC","$250,000.00",2023-04-12
Procurement Services Branch ,,Flood and Debris Management Consulting Services,156666,Request for Standing Arrangement,2023-03-01,0,2023-03-28,WSP Canada Inc.,"Suite 1000, 840 Howe Street 
Vancouver, British Columbia, 
V6Z 2M1 Canada","$250,000.00",2023-04-12
BC Timber Sales Branch ,Skeena ,SD24TIH201 - Multiphase Block and Road Development and Timber Reconnaissance in the Cascadia Timber Supply Area,SD24TIH201,Invitation to Tender,2023-04-19,1,2023-05-16,Fortec Consulting Ltd.,,"$359,873.99",2023-06-13
Ministry of Transportation and Infrastructure,South Coast Regional Office ,Highway 1 Chemainus River Bridges No. 0129E/W Bridge Renewal,16659MJ0001,Invitation to Tender,2023-02-07,4,2023-03-31,Kingston Construction Ltd.,"9349 194 St, Surrey, British Columbia","$10,376,199.70",2023-04-19
Ministry of Transportation and Infrastructure,South Coast Regional Office ,Coal Harbour Road at Quatsino FN Flood Mitigation,16889MJ0000,Invitation to Tender,2023-03-03,3,2023-04-18,CMF Construction Ltd.,,"$3,168,752.55",2023-05-03
Ministry of Transportation and Infrastructure,South Coast Regional Office ,Eagleridge Drive Underpass No. 02341 and Caulfeild Drive Underpass No. 02343 Seismic Safety Retrofit,13083MJ2022,Invitation to Tender,2023-03-09,4,2023-04-19,Regehr Contracting Ltd. ,,"$2,077,000.00",2023-05-01
Ministry of Transportation and Infrastructure,South Coast Regional Office ,"Asphalt Road Resurfacing Highways, Highway 17 & McKenzie Avenue: Vanalman Avenue to Vernon Avenue (13.4 Lane Km) Burnside Road to Douglas Avenue (8.6 Lane Km)",17048MJ2023,Invitation to Tender,2023-04-04,0,2023-04-26,Island Asphalt,"P.O. BOX 1324, VICTORIA, British Columbia","$7,317,437.50",2023-05-04
Ministry of Transportation and Infrastructure,South Coast Regional Office ,Asphalt Road Resurfacing Highways: H99 Whistler Area: Emerald Drive to Riverside Drive (13.0 Lane Km),13181MJ2023,Invitation to Tender,2023-04-04,0,2023-04-21,OKANAGAN AGGREGATES LTD.,"1504 Blattner Road, Armstrong, British Columbia","$3,721,139.79",2023-05-01
Ministry of Transportation and Infrastructure,South Coast Regional Office ,"Rock Slope Stabilization Kruger Hill Zones 1 to 2, Hwy 97",86002MJ4574,Invitation to Tender,2023-04-03,1,2023-05-04,Dynamite Construction Ltd,"2020 High Schylea Dr, Kamloops, British Columbia","$453,320.00",2023-05-11
Ministry of Transportation and Infrastructure,South Coast Regional Office ,Asphalt Rd Resurfacing Highways: Central Island Parksville Area: H19 Superior Rd to Craigs Crossing (56 Lane Km),17052MJ2023,Invitation to Tender,2023-04-06,1,2023-05-05,O.K. Industries Ltd,"6702 Rajpur Pl, Saanichton, British Columbia","$11,865,895.00",2023-05-11
Ministry of Transportation and Infrastructure,South Coast Regional Office ,Asphalt Resurfacing Highway 1 Coquitlam Area: Brunette River Bridge to Port Mann Bridge (64.2 Lane Km),13179MJ2023,Invitation to Tender,2023-04-03,2,2023-05-09,ALL ROADS CONSTRUCTION LTD.,"19402 54 Ave, Surrey, British Columbia","$10,863,863.63",2023-05-23
Ministry of Transportation and Infrastructure,South Coast Regional Office ,"Rock Slope Stabilization Coffee Creek Zones 1, 11 and 12, Hwy 31",86002MJ0254,Invitation to Tender,2023-04-19,0,2023-05-17,GEO-ROPE LIMITED,"135 Queens Plate Drive, Suite 600, Toronto, Ontario","$788,803.00",2023-05-25
Ministry of Transportation and Infrastructure,South Coast Regional Office ,08050 Peacock Brook Culvert Renewal Highway 99,12914MJ2023,Invitation to Tender,2023-04-21,1,2023-05-31,PW Trenchless Construction Inc,"Unit B-12343 104 Ave, Surrey, British Columbia","$1,633,360.55",2023-06-21
Ministry of Transportation and Infrastructure,South Coast Regional Office ,Durable Pavement Markings - 2023,12542MJ2023,Invitation to Tender,2023-05-03,2,2023-06-06,Sutton Road Marking Ltd.,"Suite 404 - 1688 152 Street, Surrey, British Columbia","$2,132,007.25",2023-06-14
Ministry of Transportation and Infrastructure,Southern Interior Regional Office ,Highway 3 Jaffray Overhead No. 01177 and Big Sand Creek Bridge No. 01179 Replacements and Approaches,25271MJ0000,Invitation to Tender,2023-04-12,3,2023-05-16,Emil Anderson Construction (EAC) Inc.,"966 Crowley Ave, Kelowna, British Columbia","$25,181,657.80",2023-05-24
Ministry of Transportation and Infrastructure,Southern Interior Regional Office ,Hwy 5A Aspen Grove to Brake Check Asphalt Resurfacing (61.72 Lane Kms),26097MJ0000,Invitation to Tender,2023-03-31,1,2023-05-03,Dawson Construction Limited,"1212 McGill Road, Kamloops, British Columbia","$7,689,716.99",2023-05-10
Ministry of Transportation and Infrastructure,Southern Interior Regional Office ,OKANAGAN SHUSWAP PAVEMENT MARKING SA-08,24048MN0823,Invitation to Tender,2023-04-27,0,2023-05-11,Aardvark Pavement Marking Services,"100-3042 Sexsmith Road, KELOWNA, British Columbia","$151,525.30",2023-05-24
Ministry of Transportation and Infrastructure,Southern Interior Regional Office ,OKANAGAN SHUSWAP PAVEMENT MARKING SA-13,24048MN1323,Invitation to Tender,2023-05-02,0,2023-05-16,Aardvark Pavement Marking Services,"100-3042 Sexsmith Road, KELOWNA, British Columbia","$121,802.96",2023-05-24
Ministry of Transportation and Infrastructure,Southern Interior Regional Office ,Highway 3A/Baker Street Intersection Improvements,25058MJ0001,Invitation to Tender,2023-03-29,0,2023-05-02,Marwest Industries Ltd.,"1700 A Woodland Drive , Castlegar, British Columbia","$3,116,261.41",2023-05-23
Ministry of Transportation and Infrastructure,Southern Interior Regional Office ,Southern Interior Region 2023 Crack Seal Program,25899MJ2023,Invitation to Tender,2023-03-23,0,2023-04-14,Seal Tec Industries Ltd.,"9746 - 198B Street, LANGLEY, British Columbia","$897,660.00",2023-04-28
Ministry of Transportation and Infrastructure,Southern Interior Regional Office ,H906 - Halston Bridge No. 2810 Deck Resurfacing,25380MJ0000,Invitation to Tender,2023-03-27,2,2023-04-27,Cortez Construction Ltd.,"960 McMaster Way, Kamloops, British Columbia","$10,628,826.00",2023-05-11
Ministry of Transportation and Infrastructure,Southern Interior Regional Office ,Hot-In-Place Recycling Hwy 5 Merritt to Helmer Road (122.9 Lane Kms),26134MJ0000,Invitation to Tender,2023-03-15,0,2023-04-04,ARC ASPHALT RECYCLING INC,"681 Athabasca St W, Kamloops, British Columbia","$7,151,538.00",2023-04-18
Ministry of Transportation and Infrastructure,Southern Interior Regional Office ,Wardner Area and St. Mary's Lake Road Seal Coat (53.92 Lane Kms),26125MJ0000,Invitation to Tender,2023-03-10,1,2023-04-05,OKANAGAN AGGREGATES LTD.,"1504 Blattner Road, Armstrong, British Columbia","$5,763,590.00",2023-04-18
Ministry of Transportation and Infrastructure,Southern Interior Regional Office ,H3 Nighthawk to Osoyoos Resurfacing and Area Side Roads,26112MJ0000,Invitation to Tender,2023-03-15,1,2023-04-12,Peters Bros. Construction Ltd.,"716 Okanagan Avenue East |, Penticton, British Columbia","$12,534,211.00",2023-04-19
Ministry of Transportation and Infrastructure,Southern Interior Regional Office ,"Hwy 1 Albert Canyon West Bridge No. 1546 Rehabilitation, Hwy 1 Albert Canyon Hill East Wall No. 4412R Rehabilitation",25045MJ0000,Invitation to Tender,2023-03-06,3,2023-04-04,CWP Constructors Ltd.,"282 KASKA ROAD, SHERWOOD PARK, Alberta","$12,320,160.00",2023-06-01
Ministry of Transportation and Infrastructure,Southern Interior Regional Office ,Asphalt Resurfacing  Hwy 1 Spences Bridge to Venables Valley Road (77.2 LANE KM),25087MJ0000,Invitation to Tender,2023-03-22,1,2023-04-06,Emil Anderson Construction (EAC) Inc.,"966 Crowley Ave, Kelowna, British Columbia","$9,232,207.75",2023-04-18
Ministry of Transportation and Infrastructure,Southern Interior Regional Office ,Rocky Mountain District Transverse Pavement Marking – SA11 & SA12,22074MN0523,Invitation to Tender,2023-06-01,3,2023-06-15,Aardvark Pavement Marking Services,"100-3042 Sexsmith Road, KELOWNA, British Columbia","$169,246.90",2023-06-22
Ministry of Transportation and Infrastructure,Southern Interior Regional Office ,Hagensborg Bridge No. 1332 Approach Span,24493MJ0001,Invitation to Tender,2023-04-28,1,2023-06-02,Formula Contractors Ltd.,"9157 Rock Island Road, Prince George, British Columbia","$1,907,390.00",2023-06-15
BC Timber Sales Branch ,Strait of Georgia ,BR24TCD022 - Manual Brushing - South Island,BR24TCD022,Invitation to Tender,2023-04-18,1,2023-05-16,Jet Forestry Services,"6114 Westridge Rd, Duncan, British Columbia","$122,550.00",2023-06-07
BC Timber Sales Branch ,Strait of Georgia ,IM24TCA008 - Resource Road and Bridge Construction / Maintenance / Deactivation Monitoring,IM24TCA008,Invitation to Tender,2023-03-23,0,2023-04-12,1197157 B.C. Ltd,"Apt 209 - 300 St Ann's Road, Campbell River, British Columbia","$62,740.00",2023-04-18
BC Timber Sales Branch ,Strait of Georgia ,"SD24TCB020 - Multiphase TSL Development, Jacklah River",SD24TCB020,Invitation to Tender,2023-03-21,0,2023-04-18,Little River Resources (2021) Ltd.,,"$403,200.00",2023-05-01
BC Timber Sales Branch ,Strait of Georgia ,SD24TCG006 - Tsitika and West Coast Multiphase,SD24TCG006,Invitation to Tender,2023-03-09,1,2023-04-06,H.A.F. Forest Services Inc.,"WALKER & WILSON, QUALICUM BEACH, British Columbia","$653,110.00",2023-04-27
BC Timber Sales Branch ,Strait of Georgia ,"SD24TCB005 - Multiphase TSL Development, Eve River",SD24TCB005,Invitation to Tender,2023-02-15,1,2023-03-14,Little River Resources (2021) Ltd.,,"$82,290.00",2023-04-04
BC Timber Sales Branch ,Strait of Georgia ,"EN24TCA017 - Road Maintenance, Deactivation and Construction, Sayward Forest and West Coast South",EN24TCA017,Invitation to Tender,2023-02-22,0,2023-04-03,Roc-Star Enterprises Ltd.,"3290 Third Avenue, Port Alberni, British Columbia","$426,737.50",2023-04-21
BC Timber Sales Branch ,Strait of Georgia ,EN24TCA009 - Professional Engineering Services,EN24TCA009,Request for Proposal,2023-02-10,0,2023-03-22,Onsite Engineering Ltd,"201-231 Trans Canada Highway, Salmon Arm, British Columbia","$260,400.00",2023-04-13
BC Timber Sales Branch ,Stuart-Nechako ,EN24TJE012 - Engineering Services,EN24TJE012,Invitation to Tender,2023-03-08,1,2023-04-04,Celtic Engineering Ltd,"#304 - 383 Oliver Street, Williams Lake BC, British Columbia","$89,490.00",2023-04-20
BC Timber Sales Branch ,Stuart-Nechako ,SU24TJE007 - FFT Post-Wildfire Treatment Plan Surveys,SU24TJE007,Invitation to Tender,2023-03-01,0,2023-03-21,Van Dolah Enterprises Inc.,"2417A Burrard Avenue, VANDERHOOF, British Columbia","$40,058.40",2023-04-13
