Issued by Organization,Issued for Organization,Title,Tender No,Procurement Method,Issued Date,Amendments,Closing Date,Successful Vendor,Successful Vendor City,Province,Country,Award Total,Date Awarded
Ministry of Transportation and Infrastructure,Ministry of Transportation and Infrastructure,"Environmental Management Services, Kicking Horse Canyon-Phase 4",KHCP4 ENV 2021 02,RFP,2020-08-13,1,2020-08-25,Hemmera Envirochem Inc.,Burnaby,British Columbia,Canada,"$2,764,500.00",2020-10-01
Ministry of Municipal Affairs and Housing,Ministry of Municipal Affairs and Housing,CCTV Sewer Inspection,RFQ21-UEL-004,RFP,2020-09-11,3,2020-09-15,Mar-Tech Underground Services Ltd.,Langley,British Columbia,Canada,"$50,000.00",2020-10-01
Ministry of Attorney General,Ministry of Attorney General,Request for Proposal - Transcription Services,11518,RFP,2020-08-26,8,2020-08-28,J.C. WordAssist Ltd.,Nanaimo,British Columbia,Canada,$0.00,2020-10-01
Ministry of Attorney General,Ministry of Attorney General,Request for Proposal - Transcription Services,11518,RFP,2020-08-26,8,2020-08-28,Verbatim Words West Ltd.,Surrey,British Columbia,Canada,$0.00,2020-10-01
"Ministry of Forests, Lands, Natural Resource Operations and R.D.","Ministry of Forests, Lands, Natural Resource Operations and R.D.",Aerial / Ground Silviculture Survey Assessments – SU21DFN001,SU21DFN001,ITT,2020-08-28,1,2020-09-11,Geoterra Intergrated Resource Systems Ltd.,Vancouver,British Columbia,Canada,"$25,729.27",2020-10-01
Ministry of Municipal Affairs and Housing,Ministry of Municipal Affairs and Housing,CCTV Sewer Inspection,RFQ21-UEL-004,RFP,2020-09-11,3,2020-09-15,"AquaCoustic Remote Technologies, Inc.",Vancouver,British Columbia,Canada,"$50,000.00",2020-10-01
Ministry of Public Safety and Solicitor General,Ministry of Public Safety and Solicitor General,Notice of Intent to Direct Award MI Training,091520 MI TRAINING,NOI,2020-09-16,0,2020-09-30,Paul Burke Training Group,Victoria,British Columbia,Canada,"$53,000.00",2020-10-01
Ministry of Transportation and Infrastructure,Ministry of Transportation and Infrastructure,Engineering Services for Timber Structures Assessment and Design,11662,RFQ,2020-09-10,1,2020-09-21,McElhanney Ltd.,Kamloops,British Columbia,Canada,"$1,250,000.00",2020-10-02
Ministry of Transportation and Infrastructure,Ministry of Transportation and Infrastructure,Engineering Services for Timber Structures Assessment and Design,11662,RFQ,2020-09-10,1,2020-09-21,WRD,Lower Cape,New Brunswick,Canada,"$1,250,000.00",2020-10-02
Procurement Services Branch,Ministry of Transportation and Infrastructure,VMWare Thin Application & Licenses,ITQ-006319,Itq,2020-09-16,0,2020-09-23,341234 BC Ltd,Saanichton,British Columbia,Canada,"$18,053.49",2020-10-02
Ministry of Transportation and Infrastructure,Ministry of Transportation and Infrastructure,Engineering Services for Timber Structures Assessment and Design,11662,RFQ,2020-09-10,1,2020-09-21,Associated Engineering (BC) Ltd.,Vancouver,British Columbia,Canada,"$1,250,000.00",2020-10-02
"Ministry of Forests, Lands, Natural Resource Operations and R.D.","Ministry of Forests, Lands, Natural Resource Operations and R.D.",Water Level Gauge – Minton Lake ,ITQ21BCWSHQ003,ITQ,2020-08-27,1,2020-09-03,Westrek Getechnical Services Ltd.,Victoria,British Columbia,Canada,"$21,500.00",2020-10-02
Procurement Services Branch,Ministry of Citizens' Services,Supply & Delivery of Network Equipment (Victoria),ITQ-006317,Itq,2020-09-10,0,2020-09-18,Telus Communications Inc.,Victoria,British Columbia,Canada,"$17,063.70",2020-10-02
Ministry of Environment and Climate Change Strategy,Ministry of Environment and Climate Change Strategy,Wasa Lake Park; Wasa Campground Water Treatment Upgrade,ENV21-BCPKO-21,ITT,2020-09-25,2,2020-09-30,Stephen Regulatory Specialists Ltd.,Wardner,British Columbia,Canada,"$264,289.00",2020-10-02
"Ministry of Forests, Lands, Natural Resource Operations and R.D.","Ministry of Forests, Lands, Natural Resource Operations and R.D.",Aerial Fertilization Chilliwack,FE21LMN006,ITT,2020-08-05,0,2020-08-25,Western Aerial Applications Ltd.,Chilliwack,British Columbia,Canada,"$658,078.61",2020-10-05
"Ministry of Forests, Lands, Natural Resource Operations and R.D.","Ministry of Forests, Lands, Natural Resource Operations and R.D.",FLTC A97667 Felled Unprocessed Roadside Timber Tatton-Canama FSR,A97667 FLTC-3,ITT,2020-09-25,0,2020-10-02,Brandon Thomas Plewes,Forest Grove,British Columbia,Canada,$0.25,2020-10-05
"Ministry of Forests, Lands, Natural Resource Operations and R.D.","Ministry of Forests, Lands, Natural Resource Operations and R.D.",Shed Roof Extension for Generator,MW21COE0117,ITT,2020-09-30,2,2020-09-30,1049546 BC Ltd,Nanoose Bay,British Columbia,Canada,"$13,920.00",2020-10-05
"Ministry of Forests, Lands, Natural Resource Operations and R.D.","Ministry of Forests, Lands, Natural Resource Operations and R.D.",Lac le Jeune Tactical Plan,FM21DTR012,ITT,2020-08-24,1,2020-09-03,Forsite Consultants Ltd.,Salmon Arm,British Columbia,Canada,"$13,450.00",2020-10-05
"Ministry of Forests, Lands, Natural Resource Operations and R.D.","Ministry of Forests, Lands, Natural Resource Operations and R.D.",Lac le Jeune Tactical Plan,FM21DTR012,ITT,2020-08-24,1,2020-09-03,Forsite Consultants Ltd.,Salmon Arm,British Columbia,Canada,"$13,450.00",2020-10-05
Ministry of Environment and Climate Change Strategy,Ministry of Environment and Climate Change Strategy,First Nation Consultation Applications Support,ON-003498,RFP,2020-06-23,0,2020-07-22,VIVID SOLUTIONS INC.,Victoria,British Columbia,Canada,"$2,200,000.00",2020-10-05
"Ministry of Forests, Lands, Natural Resource Operations and R.D.","Ministry of Forests, Lands, Natural Resource Operations and R.D.",Venables Valley Fuel Management Prescriptions,FM21DTR009,ITT,2020-09-21,0,2020-10-05,Rider Ventures Ltd.,Coldstream,British Columbia,Canada,"$137,895.00",2020-10-06
Procurement Services Branch,Ministry of Citizens' Services,Adobe Experience Manager Forms,ITQ-006326,Itq,2020-09-24,0,2020-10-01,Insight Canada Inc,Montreal,Quebec,Canada,"$50,068.36",2020-10-06
Ministry of Transportation and Infrastructure - Construction,Ministry of Transportation and Infrastructure - Construction,"Intersection Improvements, Salmon Arm",24494MJ0001,MOTITT,2020-09-16,0,2020-09-30,Springline Construction Services Ltd.,Delta,British Columbia,Canada,"$871,402.72",2020-10-07
Ministry of Transportation and Infrastructure - Construction,Ministry of Transportation and Infrastructure - Construction,"Intersection Improvements, Salmon Arm",24494MJ0001,MOTITT,2020-09-16,0,2020-09-30,Springline Construction Services Ltd.,Delta,British Columbia,Canada,"$871,402.72",2020-10-07
"Ministry of Forests, Lands, Natural Resource Operations and R.D.","Ministry of Forests, Lands, Natural Resource Operations and R.D.",Britannia Mine - General Maintenance Contractor,RFPCCSP2021-02,RFP,2020-08-13,0,2020-09-21,Miller Capilano Maintenance Corporation,Victoria,British Columbia,Canada,"$225,000.00",2020-10-07
Procurement Services Branch,"Ministry of Forests, Lands, Natural Resource Operations and R.D.",Wildlife Tracking Collars (Kamloops),ITQ-006309,Itq,2020-08-27,0,2020-09-08,VECTRONIC Aerospace GMbH,Berlin,,Germany,"$215,416.53",2020-10-08
Ministry of Transportation and Infrastructure,Ministry of Transportation and Infrastructure,Broadway Subway Project Owner’s Engineering Services,BSP ENG 2021 04,RFP,2020-07-10,5,2020-07-17,Stantec Consulting Ltd.,Vancouver,British Columbia,Canada,"$5,976,000.00",2020-10-08
Procurement Services Branch,Ministry of Citizens' Services,( Quickbooks Desktop Pro 2021 25 X 2 licenses,ITQ-006318,Itq,2020-09-14,0,2020-09-23,Softchoice LP,Vancouver,British Columbia,Canada,"$12,028.25",2020-10-08
Ministry of Environment and Climate Change Strategy,Ministry of Environment and Climate Change Strategy,Manning Park Hand-Crew Prepetory Work for Prescribed Fire,GS21PNE207,ITQ,2020-09-23,1,2020-09-28,Arc Ridge LTD,Vernon,British Columbia,Canada,"$50,000.00",2020-10-08
Procurement Services Branch,Ministry of Transportation and Infrastructure,Supply & Delivery of Precast Concrete Box Culvert (Osoyoos),ITQ-006328,Itq,2020-09-29,0,2020-10-07,Langley Concrete & Tile Ltd,Langley,British Columbia,Canada,"$65,646.01",2020-10-09
"Ministry of Forests, Lands, Natural Resource Operations and R.D.","Ministry of Forests, Lands, Natural Resource Operations and R.D.",GS21MRB313-A - Powder King/Purden/Murray Ridge WRR Prescriptions,GS21MRB313-A,ITT,2020-09-01,0,2020-09-30,Forteck Enviro Inc.,Manning,British Columbia,Canada,"$32,000.00",2020-10-09
"Ministry of Forests, Lands, Natural Resource Operations and R.D.","Ministry of Forests, Lands, Natural Resource Operations and R.D.",Road Rehabilitation and Deactivation ,RH21DQU001,ITT,2020-09-24,0,2020-10-08,Interior Silvi-Services Ltd.,Quesnel,British Columbia,Canada,"$53,288.30",2020-10-09
"Ministry of Forests, Lands, Natural Resource Operations and R.D.","Ministry of Forests, Lands, Natural Resource Operations and R.D.",GS21MRB307 - Apex Wildfire Risk Reduction Operational Treatments,GS21MRB307,ITT,2020-10-01,2,2020-10-08,Osprey Forest Operations Ltd.,Victoria,British Columbia,Canada,"$109,413.37",2020-10-09
Procurement Services Branch,Ministry of Transportation and Infrastructure,JIRA License Renewals,ITQ-006322,Itq,2020-09-24,1,2020-09-30,Highway Three Solutions (2013) Ltd.,Victoria,British Columbia,Canada,"$61,061.01",2020-10-09
Ministry of Environment and Climate Change Strategy,Ministry of Environment and Climate Change Strategy,Red Bluff Water Assessment ,CP21SME021,ITQ,2020-09-29,2,2020-10-01,Waterline Resources Ltd,Nanaimo,British Columbia,Canada,"$27,827.00",2020-10-12
Ministry of Transportation and Infrastructure,Ministry of Transportation and Infrastructure,As and When Expert Earthquake Engineering Consulting Services,SRFP-EE-200901,SRFP,2020-09-02,3,2020-09-11,Tetra Tech,Vancouver,British Columbia,Canada,"$50,000.00",2020-10-12
Ministry of Transportation and Infrastructure,Ministry of Transportation and Infrastructure,As and When Expert Earthquake Engineering Consulting Services,SRFP-EE-200901,SRFP,2020-09-02,3,2020-09-11,Associated Engineering,Vancouver,British Columbia,Canada,"$50,000.00",2020-10-12
Ministry of Transportation and Infrastructure,Ministry of Transportation and Infrastructure,As and When Expert Earthquake Engineering Consulting Services,SRFP-EE-200901,SRFP,2020-09-02,3,2020-09-11,Basis Engineering,Vancouver,British Columbia,Canada,"$50,000.00",2020-10-12
Ministry of Transportation and Infrastructure,Ministry of Transportation and Infrastructure,As and When Expert Earthquake Engineering Consulting Services,SRFP-EE-200901,SRFP,2020-09-02,3,2020-09-11,Mott Macdonald,Vancouver,British Columbia,Canada,"$50,000.00",2020-10-12
Ministry of Transportation and Infrastructure,Ministry of Transportation and Infrastructure,As and When Expert Earthquake Engineering Consulting Services,SRFP-EE-200901,SRFP,2020-09-02,3,2020-09-11,Golder,Vancouver,British Columbia,Canada,"$50,000.00",2020-10-12
Ministry of Transportation and Infrastructure,Ministry of Transportation and Infrastructure,As and When Expert Earthquake Engineering Consulting Services,SRFP-EE-200901,SRFP,2020-09-02,3,2020-09-11,Thurber Engineering,Vancouver,British Columbia,Canada,"$50,000.00",2020-10-12
Ministry of Transportation and Infrastructure,Ministry of Transportation and Infrastructure,As and When Expert Earthquake Engineering Consulting Services,SRFP-EE-200901,SRFP,2020-09-02,3,2020-09-11,Stantec,Vancouver,British Columbia,Canada,"$50,000.00",2020-10-12
Ministry of Transportation and Infrastructure,Ministry of Transportation and Infrastructure,As and When Expert Earthquake Engineering Consulting Services,SRFP-EE-200901,SRFP,2020-09-02,3,2020-09-11,Huffman Engineering Ltd.,Victoria,British Columbia,Canada,"$50,000.00",2020-10-12
Ministry of Public Safety and Solicitor General,Ministry of Public Safety and Solicitor General,Body Removal and Transport- Castlegar ,BCCS21NOI711A,NOI,2020-09-09,0,2020-09-23,Kootenay Enterprise Inc.,Castlegar,British Columbia,Canada,"$20,000.00",2020-10-13
"Ministry of Forests, Lands, Natural Resource Operations and R.D.","Ministry of Forests, Lands, Natural Resource Operations and R.D.",Process Management and Facilitation Support - FSJ LRMP Update   ,GS21FSJ0019,RFP,2020-09-03,3,2020-09-07,Two Worlds Consulting Ltd.,Victoria,British Columbia,Canada,"$25,000.00",2020-10-13
"Ministry of Forests, Lands, Natural Resource Operations and R.D.","Ministry of Forests, Lands, Natural Resource Operations and R.D.",GS21MRB321- Blackcomb WRR Operational Treatments,GS21MRB321,ITT,2020-09-25,4,2020-10-02,Osprey Forest Operations Ltd.,Victoria,British Columbia,Canada,"$650,900.10",2020-10-13
Ministry of Social Development and Poverty Reduction,Ministry of Social Development and Poverty Reduction,Third-Party Administration of Benefits Services in Victoria,TPA2020102VIC,SRFP,2020-08-21,0,2020-09-23,The Elizabeth Fry Society of Greater Vancouver,Victoria,British Columbia,Canada,"$67,750.00",2020-10-13
"Ministry of Forests, Lands, Natural Resource Operations and R.D.","Ministry of Forests, Lands, Natural Resource Operations and R.D.",Wildfire Risk Managemewnt,op21whq0209,RFP,2020-08-18,2,2020-08-21,N/A,,,,$0.00,2020-10-14
Ministry of Public Safety and Solicitor General,Ministry of Public Safety and Solicitor General,NOI to Extend Electronic Monitoring Services Contract,11545,NOI,2020-07-14,1,2020-07-16,Buddi Ltd,London,,England,"$450,000.00",2020-10-14
Procurement Services Branch,Ministry of Transportation and Infrastructure,Time Lapse Camera System (Prince George),ITQ-006285,Itq,2020-08-10,0,2020-08-18,Mainroad Transtronic Services LP,Surrey,British Columbia,Canada,"$69,125.28",2020-10-14
"Ministry of Forests, Lands, Natural Resource Operations and R.D.","Ministry of Forests, Lands, Natural Resource Operations and R.D.","Identification, Development & Fibre Removal From Marginal Stands",OP21DQU006A,ITT,2020-10-07,0,2020-10-13,Tsi Del Del Enterprises Ltd.,Williams Lake,British Columbia,Canada,"$335,250.00",2020-10-14
Ministry of Transportation and Infrastructure,Ministry of Transportation and Infrastructure,RFP Indigenous Relations Advisor,RFP #MP-IRA2020,RFP,2020-07-09,2,2020-07-16,Hemmera Envirochem Inc,Burnaby,British Columbia,Canada,"$500,000.00",2020-10-15
"Ministry of Forests, Lands, Natural Resource Operations and R.D.","Ministry of Forests, Lands, Natural Resource Operations and R.D.",Detailed Aerial Bark Beetle Suveys in the PG Forest District,FH21DPG616,ITT,2020-09-30,1,2020-10-13,SKY Helicopters Inc.,Pitt Meadows,British Columbia,Canada,"$44,100.00",2020-10-15
"Ministry of Forests, Lands, Natural Resource Operations and R.D.","Ministry of Forests, Lands, Natural Resource Operations and R.D.",Logging & Fiber Removal from MPB Impacted Stands ,SP21DPG607,ITT,2020-07-15,0,2020-08-18,575012 B.C. Ltd.,Prince George,British Columbia,Canada,"$140,824.00",2020-10-15
"Ministry of Forests, Lands, Natural Resource Operations and R.D.","Ministry of Forests, Lands, Natural Resource Operations and R.D.",Haida Gwaii - QC Main Roadside Brushing,EN21NAN804,ITT,2020-09-23,0,2020-10-05,O'Brien & Fuerst Logging Ltd.,Queen Charlotte,British Columbia,Canada,"$18,000.00",2020-10-15
"Ministry of Forests, Lands, Natural Resource Operations and R.D.","Ministry of Forests, Lands, Natural Resource Operations and R.D.",FH21DND012 Search and Destroy MPB Nadina Forest District,FH21DND012,ITT,2020-11-18,0,2020-12-03,Finlay Lake Forestry Ltd.,Smithers,British Columbia,Canada,"$69,500.00",2020-10-15
"Ministry of Forests, Lands, Natural Resource Operations and R.D.","Ministry of Forests, Lands, Natural Resource Operations and R.D.",Overstory Removal of MPB Damaged Stands and Mounding/Screefing ,SP21DPG604,ITT,2020-09-03,0,2020-09-30,Doug Brophy Contracting Ltd.,Vanderhoof,British Columbia,Canada,"$56,720.00",2020-10-15
Ministry of Transportation and Infrastructure,Ministry of Transportation and Infrastructure,RFP Indigenous Relations Advisor,RFP #MP-IRA2020,RFP,2020-07-09,2,2020-07-16,Cornerstone Planning Group Partnership,Victoria,British Columbia,Canada,"$500,000.00",2020-10-15
Ministry of Transportation and Infrastructure,Ministry of Transportation and Infrastructure,RFP Indigenous Relations Advisor,RFP #MP-IRA2020,RFP,2020-07-09,2,2020-07-16,Mike Furey,Whistler,British Columbia,Canada,"$500,000.00",2020-10-15
Procurement Services Branch,Ministry of Environment and Climate Change Strategy,12 Foot Trailer Purchase ,ITQ-006330,Itq,2020-09-30,1,2020-10-14,Russel Tait,Whitehorse,Yukon Territories,Canada,"$5,768.00",2020-10-15
"Ministry of Forests, Lands, Natural Resource Operations and R.D.","Ministry of Forests, Lands, Natural Resource Operations and R.D.",Caribou Surveys-Helicopter,11753,ITQ,2020-09-23,0,2020-10-07,Bailey Helicopters,Fort St John,British Columbia,Canada,"$143,000.00",2020-10-16
"Ministry of Forests, Lands, Natural Resource Operations and R.D.","Ministry of Forests, Lands, Natural Resource Operations and R.D.","Removal of Fill, N3-021 Culvert, 7.5km Bush River – Forest Servi",EN21474-038,ITT,2020-09-30,0,2020-10-15,CHATTER CREEK HOLDINGS LTD.,Golden,British Columbia,Canada,"$95,000.00",2020-10-16
Ministry of Transportation and Infrastructure - Construction,Ministry of Transportation and Infrastructure - Construction,Removal of McMillan dock and restoring Site to natural condition,12876MJ0001,MOTITT,2020-10-08,4,2020-10-15,JJM Construction Ltd.,Delta,British Columbia,Canada,"$2,339,000.00",2020-10-19
"Ministry of Forests, Lands, Natural Resource Operations and R.D.","Ministry of Forests, Lands, Natural Resource Operations and R.D.",Douglas-Fir & Spruce Bark Beetle Reconnaisance & Appl. Layout,FH21DQU001,ITT,2020-09-22,1,2020-10-14,Civil North Consulting Ltd.,Prince George,British Columbia,Canada,"$28,900.00",2020-10-19
"Ministry of Forests, Lands, Natural Resource Operations and R.D.","Ministry of Forests, Lands, Natural Resource Operations and R.D.",FRANCOIS LAKE FUELS MANAGEMENT PRESCRIPTION DEVELOPMENT,GS21DND008,ITT,2020-09-22,0,2020-10-13,Silvicon Services Inc.,Smithers,British Columbia,Canada,"$81,810.00",2020-10-19
Ministry of Public Safety and Solicitor General,Ministry of Public Safety and Solicitor General,Certified Change Management Consultant(s),RFPEMBC37,RFP,2020-08-25,3,2020-09-04,Sierra Systems Group Inc.,Victoria,British Columbia,Canada,"$120,000.00",2020-10-19
Procurement Services Branch,Ministry of Environment and Climate Change Strategy,Supply & Delivery of EOTECH Patrol Rifle Scope (Victoria),ITQ-006329,Itq,2020-09-29,1,2020-10-09,Wolverine Supplies Ltd.,Virden,Manitoba,Canada,"$42,786.45",2020-10-19
Procurement Services Branch,Ministry of Transportation and Infrastructure,Request for Standing Offer for Highway Signs,ITQ-006327,Itq,2020-09-29,0,2020-10-08,Valley Traffic Systems Inc,Langley,British Columbia,Canada,$0.00,2020-10-20
"Ministry of Forests, Lands, Natural Resource Operations and R.D.","Ministry of Forests, Lands, Natural Resource Operations and R.D.",IBM GROUND SURVEYS/ FALL & BURN – YAHK AREA,FH21DSE004,ITT,2020-09-28,0,2020-10-20,Nazca Consulting Ltd,Nelson,British Columbia,Canada,"$109,050.00",2020-10-20
"Ministry of Forests, Lands, Natural Resource Operations and R.D.","Ministry of Forests, Lands, Natural Resource Operations and R.D.",IBM GROUND SURVEYS/ FALL & BURN – YAHK AREA,FH21DSE004,ITT,2020-09-28,0,2020-10-20,Nazca Consulting Ltd,Nelson,British Columbia,Canada,"$109,050.00",2020-10-20
Procurement Services Branch,Ministry of Transportation and Infrastructure,Request for Standing Offer for Highway Signs,ITQ-006327,Itq,2020-09-29,0,2020-10-08,Sherine Industries Ltd,Surrey,British Columbia,Canada,$0.00,2020-10-20
Ministry of Transportation and Infrastructure,Ministry of Transportation and Infrastructure,"Independent Engineer, Pattullo Bridge Replacement Project",PBR ENG 2020 11,RFP,2020-03-19,5,2020-03-31,T.Y. Lin International Canada Inc.,Vancouver,British Columbia,Canada,"$525,000.00",2020-10-20
Ministry of Transportation and Infrastructure - Construction,Ministry of Transportation and Infrastructure - Construction,Placement of Riprap Underwater at Pier 7,12595MJ2020,MOTITT,2020-10-06,4,2020-10-14,Jakes Construction Ltd.,Chilliwack,British Columbia,Canada,"$1,527,500.00",2020-10-21
"Ministry of Forests, Lands, Natural Resource Operations and R.D.","Ministry of Forests, Lands, Natural Resource Operations and R.D.",Rabbit and Frog-Gataga Caribou Surveys 2020-21,11750,ITQ,2020-09-23,0,2020-10-14,NORTHERN FIRE WORX CORP,Fort Nelson,British Columbia,Canada,"$64,000.00",2020-10-21
"Ministry of Forests, Lands, Natural Resource Operations and R.D.","Ministry of Forests, Lands, Natural Resource Operations and R.D.",Boreal Caribou Monitoring 2020-2021,11676,RFP,2020-09-22,2,2020-09-30,Bailey Helicopters,Fort St John,British Columbia,Canada,"$224,890.00",2020-10-21
"Ministry of Forests, Lands, Natural Resource Operations and R.D.","Ministry of Forests, Lands, Natural Resource Operations and R.D.",Indigenous Forest Bioeconomy Project Delivery List of Suppliers,FN21NRH0003MY,RQU,2020-08-25,1,2020-09-03,Leo Consulting Inc.,Lantzville,British Columbia,Canada,$0.00,2020-10-21
Procurement Services Branch,"Ministry of Forests, Lands, Natural Resource Operations and R.D.",Supply & Delivery of Self Dumping Hoppers,ITQ-006332,Itq,2020-10-02,0,2020-10-09,Universal Handling Eqipment Company (Red Deer) Limited,Red Deer,Alberta,Canada,"$4,704.00",2020-10-21
"Ministry of Forests, Lands, Natural Resource Operations and R.D.","Ministry of Forests, Lands, Natural Resource Operations and R.D.",Indigenous Forest Bioeconomy Project Delivery List of Suppliers,FN21NRH0003MY,RQU,2020-08-25,1,2020-09-03,Forsite Consultants Ltd.,Salmon Arm,British Columbia,Canada,$0.00,2020-10-21
"Ministry of Forests, Lands, Natural Resource Operations and R.D.","Ministry of Forests, Lands, Natural Resource Operations and R.D.",Mine Manager Services - Britannia Mine Remediation Project,RFPCCSP2021-03,RFP,2020-08-19,0,2020-10-02,Harry Carruthers,Victoria,British Columbia,Canada,"$150,000.00",2020-10-21
Procurement Services Branch,Ministry of Environment and Climate Change Strategy,Supply and Delivery of Type II Picnic Table Legs (Black Creek),ITQ-006340,Itq,2020-10-09,0,2020-10-20,TXN Installations Ltd.,Invermere,British Columbia,Canada,"$33,799.93",2020-10-22
Procurement Services Branch,Ministry of Environment and Climate Change Strategy,Supply & Delivery of Picnic Table Boards (Black Creek),ITQ-006341,Itq,2020-10-09,0,2020-10-20,Prime Length Timber Ltd,Powell River,British Columbia,Canada,"$8,091.60",2020-10-22
Ministry of Environment and Climate Change Strategy,Ministry of Environment and Climate Change Strategy,Kokanee Creek PP Building Removals,11693,SRFP,2020-09-28,3,2020-09-29,Coates Custom Carpentry Ltd,Victoria,British Columbia,Canada,"$16,000.00",2020-10-22
Ministry of Agriculture,Ministry of Agriculture,Notice of Intent to direct award SCA21AG012,SCA21AG012,NOI,2020-10-16,0,2020-10-23,Small Scale Food Processor Association,Nanaimo,British Columbia,Canada,"$550,000.00",2020-10-23
Ministry of Environment and Climate Change Strategy,Ministry of Environment and Climate Change Strategy,Manning Park Fuel Management and Firesmart Treatment,GS21PNE209,RFP,2020-09-18,0,2020-10-16,Klo-Well Ltd.,Penticton,British Columbia,Canada,"$75,920.00",2020-10-23
Ministry of Environment and Climate Change Strategy,Ministry of Environment and Climate Change Strategy,SRFP - Mary Lake Property Baseline Inventory,RFPGS21JHQ-070,SRFP,2020-10-02,5,2020-10-06,Keefer Ecological Services Ltd.,Cranbrook,British Columbia,Canada,"$10,000.00",2020-10-27
Procurement Services Branch,Ministry of Transportation and Infrastructure,Email Marketing Tool (Victoria),ITQ-006028,Itq,2019-11-14,1,2019-11-18,Simplycast Interactive Marketing Ltd.,Dartmouth,Nova Scotia,Canada,"$25,000.00",2020-10-27
Procurement Services Branch,Ministry of Transportation and Infrastructure,Supply and Delivery of Rip Rap (Zickmantle Pit),ITQ-006337,Itq,2020-10-16,2,2020-10-20,Baird Bros. Ltd.,Enderby,British Columbia,Canada,"$66,787.01",2020-10-27
Procurement Services Branch,Ministry of Transportation and Infrastructure,Kepware Support & Maintenance,ITQ-006325,Itq,2020-10-02,1,2020-10-06,PTC (Canada) Inc.,St Laurent,Quebec,Canada,"$14,800.00",2020-10-27
Ministry of Environment and Climate Change Strategy,Ministry of Environment and Climate Change Strategy,Property Assessed Clean Energy (PACE) Roadmap,GS21JHQ122,RFP,2020-11-12,1,2020-11-12,Dunsky Energy Consulting,Victoria,British Columbia,Canada,"$139,879.00",2020-10-27
"Ministry of Forests, Lands, Natural Resource Operations and R.D.","Ministry of Forests, Lands, Natural Resource Operations and R.D.",GS21MRB319 - Wapiti WRR Operational Treatments,GS21MRB319,ITT,2020-10-19,1,2020-10-23,Osprey Forest Operations Ltd.,Victoria,British Columbia,Canada,"$288,919.63",2020-10-27
"Ministry of Forests, Lands, Natural Resource Operations and R.D.","Ministry of Forests, Lands, Natural Resource Operations and R.D.","Wild Goose East Road Rehabilitation, 100 Mile House",RH21DMH074,ITT,2020-10-20,2,2020-10-27,N/A,,,,$0.00,2020-10-28
Ministry of Attorney General,Ministry of Attorney General,Notice of Intent to award a contract-database services,20200910,NOI,2020-09-10,0,2020-09-18,Standardbred Canada,Mississauga,Ontario,Canada,"$15,000.00",2020-10-28
Ministry of Transportation and Infrastructure,Ministry of Transportation and Infrastructure,As & When Required Traffic Control Services - South Peace,331LM4530-TC,ITB,2020-10-22,0,2020-10-29,Energetic Traffic Control Ltd.,Fort St John,British Columbia,Canada,"$50,000.00",2020-10-29
Ministry of Transportation and Infrastructure,Ministry of Transportation and Infrastructure,As & When Required Traffic Control Services - North Peace ,331LM6620-TC,ITB,2020-10-22,0,2020-10-29,Energetic Traffic Control Ltd.,Fort St John,British Columbia,Canada,"$50,000.00",2020-10-29
Ministry of Transportation and Infrastructure,Ministry of Transportation and Infrastructure,Real Estate Appraiser,REA-082720,SRFP,2020-08-27,0,2020-09-24,Frilan Appraisals LLP,Kamloops,British Columbia,Canada,$0.00,2020-10-29
Ministry of Transportation and Infrastructure,Ministry of Transportation and Infrastructure,Real Estate Appraiser,REA-082720,SRFP,2020-08-27,0,2020-09-24,Equity Valuation and Consulting Services Ltd.,Maple Ridge,British Columbia,Canada,$0.00,2020-10-29
Ministry of Public Safety and Solicitor General,Ministry of Public Safety and Solicitor General,NOI to Direct Award Case Management & Community Reintegration,NOIKRCC11789,NOI,2020-10-23,2,2020-10-26,Asini'atik Cultural Services,Pinatan Lake,British Columbia,Canada,"$25,000.00",2020-10-29
Procurement Services Branch,"Ministry of Forests, Lands, Natural Resource Operations and R.D.",Request for Standing Offer for Forest Fire Hose (Chilliwack),ITQ-006338,Itq,2020-10-09,0,2020-10-20,National Fire Equipment Ltd,Burnaby,British Columbia,Canada,$0.00,2020-10-30
Ministry of Transportation and Infrastructure - Construction,Ministry of Transportation and Infrastructure - Construction,Installation of CMB and median flashers on Highway 97A,25193MJ0002,MOTITT,2020-10-15,0,2020-10-29,Tri-Kon Precast Products Ltd.,Cranbrook,British Columbia,Canada,"$1,104,409.29",2020-10-30
Ministry of Transportation and Infrastructure - Construction,Ministry of Transportation and Infrastructure - Construction,Installation of CMB and median flashers on Highway 97A,25193MJ0002,MOTITT,2020-10-15,0,2020-10-29,Tri-Kon Precast Products Ltd.,Cranbrook,British Columbia,Canada,"$1,104,409.29",2020-10-30
"Ministry of Forests, Lands, Natural Resource Operations and R.D.","Ministry of Forests, Lands, Natural Resource Operations and R.D.","TREE PLANTING – MT 7 GOLDEN, BC",PL22DSE001,ITT,2020-10-15,0,2020-11-02,Zanzibar Holdings Ltd,North Vancouver,British Columbia,Canada,"$8,534.00",2020-11-02
"Ministry of Forests, Lands, Natural Resource Operations and R.D.","Ministry of Forests, Lands, Natural Resource Operations and R.D.",Woodward Road Wildfire Risk Reduction Treatment,FS21DCS118,ITT,2020-10-09,1,2020-10-23,Seneca Enterprises Ltd.,Prince George,British Columbia,Canada,"$254,250.00",2020-11-02
Ministry of Transportation and Infrastructure,Ministry of Transportation and Infrastructure,"Communications Services, Broadway Subway Project",BSP COM 2021 06,RFP,2020-09-22,0,2020-10-14,Kirk & Co. Consulting Ltd.,Vancouver,British Columbia,Canada,"$4,000,000.00",2020-11-02
Procurement Services Branch,Ministry of Municipal Affairs and Housing,2020 Vehicle Buy - UEL EV Utility Truck,ITQ-006321,Itq,2020-09-22,0,2020-10-13,Cubex Limited,Delta,British Columbia,Canada,"$40,934.88",2020-11-03
"Ministry of Forests, Lands, Natural Resource Operations and R.D.","Ministry of Forests, Lands, Natural Resource Operations and R.D.","Tree Planting, Danger Tree Assessment & Felling Okanagan/Shuswap",PL22DOS001,ITT,2020-10-09,1,2020-10-21,TIMBERLINE REFORESTATION LTD.,Qualicum Beach,British Columbia,Canada,"$110,210.80",2020-11-03
Procurement Services Branch,Ministry of Citizens' Services,AutoCAD Software & Maintenance ,ITQ-006344,Itq,2020-10-21,1,2020-10-27,Solid Caddgroup Inc.,Richmond Hill,Ontario,Canada,"$11,648.00",2020-11-03
Procurement Services Branch,Ministry of Attorney General,Ammunition,ITQ-006343,Itq,2020-10-23,1,2020-10-30,Lloyd Libke Law Enforcement Sales Inc.,Toronto,Ontario,Canada,"$58,340.60",2020-11-03
"Ministry of Forests, Lands, Natural Resource Operations and R.D.","Ministry of Forests, Lands, Natural Resource Operations and R.D.",Black Creek Oyster River Hydraulic Connection Study,GS21NAN408,ITB,2020-10-15,2,2020-10-28,Western Water Associates Ltd,Vernon,British Columbia,Canada,"$40,000.00",2020-11-03
Ministry of Transportation and Infrastructure,Ministry of Transportation and Infrastructure,"Utilities Services, Policy and Strategic Direction Consultant",USPSD2020,SRFP,2020-07-29,0,2020-08-12,T.J. Cooper Management Consultants Ltd,Victoria,British Columbia,Canada,"$150,000.00",2020-11-03
"Ministry of Forests, Lands, Natural Resource Operations and R.D.","Ministry of Forests, Lands, Natural Resource Operations and R.D.","Log Boom, Security Gates & Roadblocks-Minton Lake Dam",ITQ21BCWSHQ005,ITQ,2020-10-21,2,2020-10-27,DBA QUALITY EXCAVATING AND CONSTRUCTION,Williams Lake,British Columbia,Canada,"$44,400.00",2020-11-03
"Ministry of Forests, Lands, Natural Resource Operations and R.D.","Ministry of Forests, Lands, Natural Resource Operations and R.D.",GS21MRB315 - Silver Star WRR Operational Treatments,GS21MRB315,ITT,2020-09-11,1,2020-09-18,N/A,,,,$0.00,2020-11-04
Procurement Services Branch,Ministry of Citizens' Services,Upland AccuRoute Support Renewal,ITQ-006349,Itq,2020-10-22,1,2020-10-29,"Upland Software, Inc.",Austin,Texas,United States,"$11,623.16",2020-11-04
"Ministry of Forests, Lands, Natural Resource Operations and R.D.","Ministry of Forests, Lands, Natural Resource Operations and R.D.",Road Maintenance from 18.5 km to 98 km on the Finlay FSR,11250-85/EN21DMK018A,ITT,2020-09-24,0,2020-10-14,Lepka Holdings Ltd.,Fort St James,British Columbia,Canada,$0.00,2020-11-04
"Ministry of Forests, Lands, Natural Resource Operations and R.D.","Ministry of Forests, Lands, Natural Resource Operations and R.D.",Road Maintenance from 98 km to 173.4 km on the Finlay FSR,11250-85/EN21DMK019,ITT,2020-09-24,0,2020-10-14,Lepka Holdings Ltd.,Fort St James,British Columbia,Canada,$0.00,2020-11-04
"Ministry of Forests, Lands, Natural Resource Operations and R.D.","Ministry of Forests, Lands, Natural Resource Operations and R.D.",EN21PGN335 - Bowron River FSR Rock Pit 72.2km,11250-85/EN21PGN335,ITT,2020-10-29,1,2020-11-03,Kode Contracting Ltd.,Prince George,British Columbia,Canada,"$460,000.00",2020-11-04
"Ministry of Forests, Lands, Natural Resource Operations and R.D.","Ministry of Forests, Lands, Natural Resource Operations and R.D.",Boothman Mainline Repair,RA21DSE003,ITT,2020-08-12,0,2020-09-10,N/A,,,,$0.00,2020-11-05
"Ministry of Forests, Lands, Natural Resource Operations and R.D.","Ministry of Forests, Lands, Natural Resource Operations and R.D.",Winter Road Maintenance,EN21LMN306,ITT,2020-11-03,3,2020-11-04,Bigfoot Boulder & Quarry Rock Company,Hope,British Columbia,Canada,"$10,000.00",2020-11-05
Procurement Services Branch,Ministry of Agriculture,Laboratory Incubator,ITQ-006342,Itq,2020-10-26,3,2020-10-29,ESBE Scientific Industries Inc,Markham,Ontario,Canada,"$7,156.65",2020-11-05
"Ministry of Forests, Lands, Natural Resource Operations and R.D.","Ministry of Forests, Lands, Natural Resource Operations and R.D.",Janitorial Services for the Cariboo Fire Centre.,GS21CAE0133,ITT,2020-10-23,0,2020-11-06,D R G Professional Building Maintenance,Williams Lake,British Columbia,Canada,"$89,744.00",2020-11-06
"Ministry of Forests, Lands, Natural Resource Operations and R.D.","Ministry of Forests, Lands, Natural Resource Operations and R.D.","Surveys, Development within Fire Incidents C12328, C11937 C12302",OP21DQU007B,ITT,2020-10-23,1,2020-10-30,Vicky Nadeau dba VKN Forestry,Mackenzie,British Columbia,Canada,"$278,475.00",2020-11-09
"Ministry of Forests, Lands, Natural Resource Operations and R.D.","Ministry of Forests, Lands, Natural Resource Operations and R.D.",Lake Babine Wildfire Risk Reduction Tactical Planning,GS21DND009,ITT,2020-10-29,1,2020-11-05,Forsite Consultants Ltd.,Salmon Arm,British Columbia,Canada,"$37,040.00",2020-11-09
Ministry of Attorney General,Ministry of Attorney General,Court Fees and Fines Management System,ON-11209,RFP,2020-04-24,5,2020-05-04,QUARTECH SYSTEMS LIMITED,Vancouver,British Columbia,Canada,"$1,500,000.00",2020-11-09
"Ministry of Forests, Lands, Natural Resource Operations and R.D.","Ministry of Forests, Lands, Natural Resource Operations and R.D.",Hart Ranges Primary Prey Strategy,CS21DPG628,RFP,2020-09-29,1,2020-10-21,Alberta Biodiversity Monitoring Institute,Edmonton,Alberta,Canada,"$20,000.00",2020-11-10
Procurement Services Branch,"Ministry of Forests, Lands, Natural Resource Operations and R.D.",Binary Fractioning Aspirator for Tree Seed,ITQ-006345,Itq,2020-10-21,0,2020-10-29,Yellow Point Propagation Ltd.,Ladysmith,British Columbia,Canada,"$9,452.23",2020-11-10
"Ministry of Forests, Lands, Natural Resource Operations and R.D.","Ministry of Forests, Lands, Natural Resource Operations and R.D.",SFRP for Nadina District Landscape Wildfire Resiliency Analysis,GS21DND010,SRFP,2020-10-23,2,2020-10-30,B.A. BLACKWELL & ASSOCIATES LTD.,Vancouver,British Columbia,Canada,"$71,040.00",2020-11-10
Procurement Services Branch,Ministry of Citizens' Services,Atlassian Confluence Server Software and Maintence,ITQ-006348,Itq,2020-10-26,1,2020-10-29,Highway Three Solutions (2013) Ltd.,Victoria,British Columbia,Canada,"$11,547.52",2020-11-10
Ministry of Environment and Climate Change Strategy,Ministry of Environment and Climate Change Strategy,Hydrometric/Climate Station Access and Site Maintenance,GS21JHQ095,ITQ,2020-09-29,0,2020-10-20,N/A,,,,$0.00,2020-11-12
Ministry of Environment and Climate Change Strategy,Ministry of Environment and Climate Change Strategy,Hydrometric/Climate Station Access and Site Maintenance,GS21JHQ095,ITQ,2020-09-29,0,2020-10-20,N/A,,,,$0.00,2020-11-12
"Ministry of Forests, Lands, Natural Resource Operations and R.D.","Ministry of Forests, Lands, Natural Resource Operations and R.D.",Tree Planting in the Thompson Rivers Forest District,PL22DTR001,ITT,2020-09-29,1,2020-10-20,N/A,,,,$0.00,2020-11-12
Ministry of Transportation and Infrastructure - Construction,Ministry of Transportation and Infrastructure - Construction,Traffic Control and First Aid Services,20144OP1888,MOTITT,2020-09-15,0,2020-09-29,N/A,,,,$0.00,2020-11-12
Ministry of Transportation and Infrastructure - Construction,Ministry of Transportation and Infrastructure - Construction,Traffic Control and First Aid Services,20144OP1888,MOTITT,2020-09-15,0,2020-09-29,N/A,,,,$0.00,2020-11-12
Ministry of Health,Ministry of Health,Pharmacist Services for HealthLink BC,ON-003532,RFP,2020-07-31,2,2020-08-10,North West Tele Pharmacy Solutions,Winnipeg,Manitoba,Canada,"$6,820,785.00",2020-11-12
Ministry of Health,Ministry of Health,Pharmacist Services for HealthLink BC,ON-003532,RFP,2020-07-31,2,2020-08-10,North West Tele Pharmacy Solutions,Winnipeg,Manitoba,Canada,"$6,820,785.00",2020-11-12
"Ministry of Forests, Lands, Natural Resource Operations and R.D.","Ministry of Forests, Lands, Natural Resource Operations and R.D.",Tree Planting of Small Scale Salvage Openings,PL22DSN020,ITT,2020-10-20,2,2020-10-27,Seth's Integrity Contracting Ltd,Dunster,British Columbia,Canada,"$230,287.64",2020-11-13
Ministry of Public Safety and Solicitor General,Ministry of Public Safety and Solicitor General,Notice of Intent to Direct Award to Marcia Carol Dawson,NOIEMBC39,NOI,2020-08-21,0,2020-08-27,N/A,,,,$0.00,2020-11-16
Procurement Services Branch,Ministry of Transportation and Infrastructure,Flexible Cable Ladder Safety System (Penticton),ITQ-006336,Itq,2020-10-16,1,2020-11-05,"Motion Industries (Canada), Inc",Kamloops,British Columbia,Canada,"$24,162.00",2020-11-16
"Ministry of Forests, Lands, Natural Resource Operations and R.D.","Ministry of Forests, Lands, Natural Resource Operations and R.D.",Spruce and Birch Trial Tree Grinding at Skimikin Seed Orchard,1070-30/OP21FHQ189,ITQ,2020-11-09,2,2020-11-10,620241 British Columbia Ltd.,Lake Country,British Columbia,Canada,"$19,900.00",2020-11-16
"Ministry of Forests, Lands, Natural Resource Operations and R.D.","Ministry of Forests, Lands, Natural Resource Operations and R.D.",Spruce and Birch Trial Tree Grinding at Skimikin Seed Orchard,1070-30/OP21FHQ189,ITQ,2020-11-09,2,2020-11-10,620241 British Columbia Ltd,Lake Country,British Columbia,Canada,"$19,900.00",2020-11-16
"Ministry of Forests, Lands, Natural Resource Operations and R.D.","Ministry of Forests, Lands, Natural Resource Operations and R.D.",Brushing and Ditching Forest Service Roads - Chilliwack District,EN21LMN307,ITT,2020-10-16,0,2020-11-06,Mission Contractors Ltd.,Mission,British Columbia,Canada,"$153,640.64",2020-11-16
"Ministry of Forests, Lands, Natural Resource Operations and R.D.","Ministry of Forests, Lands, Natural Resource Operations and R.D.",Wildland Urban Interface Forest Fuel Mitigation - Hidden Valley,ER21DRM003,ITT,2020-10-29,0,2020-11-12,Skookumchuck Pulp Inc,Skookumchuck,British Columbia,Canada,"$420,600.00",2020-11-16
Ministry of Social Development and Poverty Reduction,Ministry of Social Development and Poverty Reduction,Security Services for Greater Vancouver Area 2,2020 SECURITY GVA2,RFP,2020-09-16,1,2020-10-05,Blackbird Security Inc.,Vancouver,British Columbia,Canada,$0.00,2020-11-16
Ministry of Public Safety and Solicitor General,Ministry of Public Safety and Solicitor General,Notice of Intent to Direct Award,NOIEMBC29,NOI,2019-12-12,0,2019-12-17,N/A,,,,$0.00,2020-11-17
Ministry of Public Safety and Solicitor General,Ministry of Public Safety and Solicitor General,Notice of Intent to Direct Award,NOIEMBC32,NOI,2020-02-13,0,2020-02-17,N/A,,,,$0.00,2020-11-17
Ministry of Public Safety and Solicitor General,Ministry of Public Safety and Solicitor General,NOI to Modify Contract for Swiftwater Awareness Training,NOIEMBC40,NOI,2020-08-31,1,2020-09-02,N/A,,,,$0.00,2020-11-17
"Ministry of Forests, Lands, Natural Resource Operations and R.D.","Ministry of Forests, Lands, Natural Resource Operations and R.D.",FLTC A97402 Deck Timber Higgins Lake,A97402,ITT,2020-10-26,0,2020-11-10,J. Sarver Trucking Ltd.,100 Mile House,British Columbia,Canada,$19.80,2020-11-17
"Ministry of Forests, Lands, Natural Resource Operations and R.D.","Ministry of Forests, Lands, Natural Resource Operations and R.D.",FLTC A97707 Decked Timber,A97707 FLTC,ITT,2020-10-26,0,2020-11-10,J. Sarver Trucking Ltd.,100 Mile House,British Columbia,Canada,$19.70,2020-11-17
Procurement Services Branch,Ministry of Transportation and Infrastructure,Beaver Stop or Equivalent (100 Mile House),ITQ-006353,Itq,2020-10-27,0,2020-11-05,Armtec Inc.,Edmonton,Alberta,Canada,"$15,827.40",2020-11-17
Procurement Services Branch,Ministry of Transportation and Infrastructure,Modular Temporary Bridging Systems (Abbottsford),ITQ-006351,Itq,2020-10-27,0,2020-11-04,Maurer Structural Protection Systems Canada Ltd.,Langley,British Columbia,Canada,"$467,313.28",2020-11-17
Ministry of Transportation and Infrastructure - Construction,Ministry of Transportation and Infrastructure - Construction,25135MN0000,25135MN0000,MOTITT,2020-10-21,0,2020-11-04,Emcon Services Inc,Merritt,British Columbia,Canada,"$186,570.00",2020-11-17
Ministry of Transportation and Infrastructure - Construction,Ministry of Transportation and Infrastructure - Construction,25135MN0000,25135MN0000,MOTITT,2020-10-21,0,2020-11-04,Emcon Services Inc,Merritt,British Columbia,Canada,"$186,570.00",2020-11-17
Procurement Services Branch,Ministry of Children and Family Development,2020 Vehicle Buy Ford - MCFD,ITQ-006333,Itq,2020-10-05,0,2020-10-27,Steve Marshall Ford Lincoln Ltd,Nanaimo,British Columbia,Canada,"$53,779.12",2020-11-17
Ministry of Transportation and Infrastructure - Construction,Ministry of Transportation and Infrastructure - Construction,Crushed Aggregate in Stockpile - Big Creek Pit No. 1909,25133MN0000,MOTITT,2020-10-29,0,2020-11-12,McIntyre Aggregate Crushing Ltd.,Oliver,British Columbia,Canada,"$97,800.00",2020-11-17
Ministry of Transportation and Infrastructure - Construction,Ministry of Transportation and Infrastructure - Construction,Crushed Aggregate in Stockpile - Big Creek Pit No. 1909,25133MN0000,MOTITT,2020-10-29,0,2020-11-12,McIntyre Aggregate Crushing Ltd.,Oliver,British Columbia,Canada,"$97,800.00",2020-11-17
Ministry of Transportation and Infrastructure - Construction,Ministry of Transportation and Infrastructure - Construction,Crushed Aggregate in Stockpile - Chilko Ranch Pit No. 1905,25134MN0000,MOTITT,2020-10-20,0,2020-11-03,Cantex-Okanagan Construction Ltd.,Penticton,British Columbia,Canada,"$99,500.00",2020-11-17
Ministry of Transportation and Infrastructure - Construction,Ministry of Transportation and Infrastructure - Construction,Crushed Aggregate in Stockpile - Chilko Ranch Pit No. 1905,25134MN0000,MOTITT,2020-10-20,0,2020-11-03,Cantex-Okanagan Construction Ltd.,Penticton,British Columbia,Canada,"$99,500.00",2020-11-17
Ministry of Transportation and Infrastructure - Construction,Ministry of Transportation and Infrastructure - Construction,Crushed Aggregate in Stockpile - Redstone Chezacut Pit No. 1897,25136MN0000,MOTITT,2020-10-22,0,2020-11-05,Cantex-Okanagan Construction Ltd.,Penticton,British Columbia,Canada,"$119,500.00",2020-11-17
Ministry of Transportation and Infrastructure - Construction,Ministry of Transportation and Infrastructure - Construction,Crushed Aggregate in Stockpile - Redstone Chezacut Pit No. 1897,25136MN0000,MOTITT,2020-10-22,0,2020-11-05,Cantex-Okanagan Construction Ltd.,Penticton,British Columbia,Canada,"$119,500.00",2020-11-17
"Ministry of Forests, Lands, Natural Resource Operations and R.D.","Ministry of Forests, Lands, Natural Resource Operations and R.D.",Roadside Brushing,EN21DSN038,ITT,2020-10-14,0,2020-10-29,No Qualifying Bids,Vanderhoof,British Columbia,Canada,$0.00,2020-11-17
Ministry of Public Safety and Solicitor General,Ministry of Public Safety and Solicitor General,RFEI- Temporary Refrigerated Body Storage Services,BCCSRFEI-2021A,REI,2020-08-27,0,2020-09-17,N/A,,,,$0.00,2020-11-18
Ministry of Transportation and Infrastructure,Ministry of Transportation and Infrastructure,RFQ - TCH No. 1 Quartz Creek Bridge 4-Laning Const. Supervision,RFQ-24575-1,RQU,2019-11-29,0,2020-01-08,Glacier Technical Services Ltd.,Cranbrook,British Columbia,Canada,"$7,000,000.00",2020-11-18
Procurement Services Branch,Ministry of Transportation and Infrastructure,StripeMaster 2 Pavement Marking Retroreflectometer ,ITQ-006357,Itq,2020-10-29,0,2020-11-06,Professional Pavement Products Inc.,Jacksonville,Florida,United States,"$18,500.00",2020-11-18
Ministry of Transportation and Infrastructure,Ministry of Transportation and Infrastructure,RFQ_11639 Kicking Horse River Bridges 1 and 2,11639,RQU,2020-08-24,1,2020-08-28,Urban Systems Ltd.,Kelowna,British Columbia,Canada,"$3,334,859.00",2020-11-18
Ministry of Citizens' Services,Ministry of Citizens' Services,"Data Architecture Services - Victoria, BC",DATABC-20-DA-1,SRFP,2020-09-30,1,2020-10-02,MetaSphere Consulting Inc,Victoria,British Columbia,Canada,$0.00,2020-11-18
"Ministry of Forests, Lands, Natural Resource Operations and R.D.","Ministry of Forests, Lands, Natural Resource Operations and R.D.","Moose Lake West Road Rehabilitation Invitation to Tender, 100MH",10005-40/RH21DMH058,ITT,2020-10-06,3,2020-10-06,N/A,,,,$0.00,2020-11-19
"Ministry of Forests, Lands, Natural Resource Operations and R.D.","Ministry of Forests, Lands, Natural Resource Operations and R.D.",RFP - Manage and Maintain the East Harrison Recreation Sites,16660-27/EHARR20,RFP,2020-10-13,0,2020-11-12,Greenshades Enterprises Inc.,Hope,British Columbia,Canada,"$680,000.00",2020-11-19
"Ministry of Forests, Lands, Natural Resource Operations and R.D.","Ministry of Forests, Lands, Natural Resource Operations and R.D.","WUI Fuel Treatment for Penticton Trails, Powell River",GS21LMN190,ITT,2020-11-06,5,2020-11-16,4C Forestry Ltd.,Nanaimo,British Columbia,Canada,"$243,965.00",2020-11-19
"Ministry of Forests, Lands, Natural Resource Operations and R.D.","Ministry of Forests, Lands, Natural Resource Operations and R.D.",FLTC A97667 Sale of Felled Unprocessed Roadside Timber,A97667 FLTC,ITT,2020-08-31,0,2020-09-10,N/A,,,,$0.00,2020-11-20
"Ministry of Forests, Lands, Natural Resource Operations and R.D.","Ministry of Forests, Lands, Natural Resource Operations and R.D.",Invitation to Tender Decked Wood Sale FLTC A97667,FLTC A97667,ITT,2020-08-18,0,2020-08-28,N/A,,,,$0.00,2020-11-20
Procurement Services Branch,Ministry of Justice,Double-sided card printer and single-sided laminator,ITQ-006365,Itq,2020-11-04,1,2020-11-13,E-Card ID Products Ltd.,Delta,British Columbia,Canada,"$7,701.12",2020-11-20
Ministry of Attorney General,Ministry of Attorney General,RFP for Responsible & Problem Gambling Support Line,RPGP-SL-202007,RFP,2020-08-06,0,2020-09-03,BC211 Services Society,Vancouver,British Columbia,Canada,"$1,707,894.00",2020-11-20
Procurement Services Branch,Ministry of Justice,Supply & Delivery of Clear Plastic Face Shields (Vancouver),ITQ-006312,Itq,2020-09-02,0,2020-09-11,Saba Distribution Inc.,Pierrefonds,Quebec,Canada,"$13,440.00",2020-11-23
Procurement Services Branch,Ministry of Environment and Climate Change Strategy,Supply & Delivery of 7.62 X 51mm Ammunition (Kamloops),ITQ-006331,Itq,2020-11-03,1,2020-11-09,0734089 B.C. Ltd.,Fort St John,British Columbia,Canada,"$103,951.68",2020-11-24
"Ministry of Forests, Lands, Natural Resource Operations and R.D.","Ministry of Forests, Lands, Natural Resource Operations and R.D.",Transport of 5 wide Trailer to Penticton & Lytton Fire Zones,ITT21BCWSHQ010,ITT,2020-10-21,2,2020-11-05,Blue Collar Silviculture Ltd,Quesnel,British Columbia,Canada,"$28,561.00",2020-11-24
Ministry of Environment and Climate Change Strategy,Ministry of Environment and Climate Change Strategy,Administration of Recycled Plastics Manufacturing Stimulus Fund,11800,RFP,2020-11-03,3,2020-11-04,The Alacrity Foundation of B.C.,Victoria,British Columbia,Canada,"$5,000,000.00",2020-11-24
"Ministry of Forests, Lands, Natural Resource Operations and R.D.","Ministry of Forests, Lands, Natural Resource Operations and R.D.",Forest Service Road Maintenance in the Prince George District,EN21DPG611,ITT,2020-09-02,0,2020-09-30,Willow Haven Contracting Ltd.,Victoria,British Columbia,Canada,"$99,000.00",2020-11-24
Procurement Services Branch,"Ministry of Forests, Lands, Natural Resource Operations and R.D.",SILVICULTURE PLANNING SOFTWARE,ITQ-006242,Itq,2020-06-10,3,2020-06-15,Silvacom Ltd.,Edmonton,Alberta,Canada,"$131,936.00",2020-11-25
Procurement Services Branch,"Ministry of Forests, Lands, Natural Resource Operations and R.D.",Freedom R8100 Communications System Analyzer,ITQ-006356,Itq,2020-10-29,0,2020-11-06,Gap Wireless Inc.,Mississauga,Ontario,Canada,"$67,525.92",2020-11-25
Procurement Services Branch,Ministry of Agriculture,Supply & Delivery of Benchtop Refrigerated Laboratory Centrifuge,ITQ-006361,Itq,2020-11-03,0,2020-11-12,Fisher Scientific Ltd,Nepean,Ontario,Canada,"$8,829.53",2020-11-25
"Ministry of Forests, Lands, Natural Resource Operations and R.D.","Ministry of Forests, Lands, Natural Resource Operations and R.D.",Provincial satellite-based snow analysis,1070-30/OT21FHQ177,SRFP,2020-10-07,0,2020-10-28,Hatfield Consultants LLP,North Vancouver,British Columbia,Canada,"$25,000.00",2020-11-25
"Ministry of Forests, Lands, Natural Resource Operations and R.D.","Ministry of Forests, Lands, Natural Resource Operations and R.D.",Ensemble weather forecast data uncertainty improvements,1070-30/OT21FHQ173,SRFP,2020-10-07,0,2020-10-29,Weatherlogics Inc,Winnipeg,Manitoba,Canada,"$14,995.00",2020-11-25
Ministry of Citizens' Services,Ministry of Citizens' Services,Professional Facilities Consultant Services,ON-003564,RFP,2020-11-05,2,2020-11-13,N/A,,,,$0.00,2020-11-26
"Ministry of Forests, Lands, Natural Resource Operations and R.D.","Ministry of Forests, Lands, Natural Resource Operations and R.D.",GS21MRB325 - Sun Peaks WRR Operational Treatments,GS21MRB325,ITT,2020-09-24,0,2020-10-15,N/A,,,,$0.00,2020-11-26
Ministry of Public Safety and Solicitor General,Ministry of Public Safety and Solicitor General,Temporary Body Storage in Duncan area ,BCCS21NOI706A,NOI,2020-10-21,0,2020-11-04,HW WALLACE CREMATION AND BURIAL CENTRE INC.,Duncan,British Columbia,Canada,"$50,000.00",2020-11-26
"Ministry of Forests, Lands, Natural Resource Operations and R.D.","Ministry of Forests, Lands, Natural Resource Operations and R.D.",SPRING TREE PLANTING –NRFL/ SHANNON CREEK,PL22DSE002,ITT,2020-10-15,0,2020-11-26,Greenpeaks Resource Management Ltd,Nakusp,British Columbia,Canada,"$14,250.00",2020-11-26
Procurement Services Branch,Ministry of Agriculture,Labratory Automated 96-well Microplate Washer,ITQ-006368,Itq,2020-11-19,2,2020-11-24,Fisher Scientific Ltd,Nepean,Ontario,Canada,"$8,877.94",2020-11-26
"Ministry of Forests, Lands, Natural Resource Operations and R.D.","Ministry of Forests, Lands, Natural Resource Operations and R.D.",Danger Tree Assessment in the Beaver Lodge Forest Lands,GS21NAN508,ITT,2020-09-23,0,2020-10-14,Osprey Forest Operations Ltd.,Victoria,British Columbia,Canada,"$2,800.00",2020-11-26
"Ministry of Forests, Lands, Natural Resource Operations and R.D.","Ministry of Forests, Lands, Natural Resource Operations and R.D.",Wildfire Risk Reduction Treatments along Mackenzie Highway 39,10005-40/FS21DMK024,ITT,2020-11-04,0,2020-11-19,N/A,,,,$0.00,2020-11-27
"Ministry of Forests, Lands, Natural Resource Operations and R.D.","Ministry of Forests, Lands, Natural Resource Operations and R.D.",Wildfire Risk Reduction Treatments along Mackenzie Highway 39,10005-40/FS21DMK024,ITT,2020-11-04,0,2020-11-19,N/A,,,,$0.00,2020-11-27
Ministry of Transportation and Infrastructure,Ministry of Transportation and Infrastructure,BC Bid Procurement Application and Change Management Specialist,PCRMS201023,RFP,2020-11-04,4,2020-11-10,BDO Canada LLP,Ottawa,Ontario,Canada,"$150,000.00",2020-11-27
Ministry of Transportation and Infrastructure,Ministry of Transportation and Infrastructure,"Technical Design Review Engineer, Pattullo Bridge Replacement",PBR TEC 2021 16,RFP,2020-10-07,1,2020-10-15,Sun Coast Consulting Ltd.,Vancouver,British Columbia,Canada,"$290,000.00",2020-11-27
Ministry of Environment and Climate Change Strategy,Ministry of Environment and Climate Change Strategy,Improving BC's Provincial Inventory of GHGs - Waste,GS21JHQ081,SRFP,2020-09-11,0,2020-10-09,GHD Ltd,Calgary,Alberta,Canada,"$20,000.00",2020-11-30
Procurement Services Branch,Ministry of Transportation and Infrastructure,Rental of Portable Digital Message Sign (Greater Vancouver),ITQ-006372,Itq,2020-11-13,1,2020-11-20,ATS Traffic - British Columbia Ltd,Langley,British Columbia,Canada,"$35,280.00",2020-11-30
Procurement Services Branch,Ministry of Citizens' Services,Nuance Dragon Professional License and Support (Victoria),ITQ-006362,Itq,2020-11-04,1,2020-11-12,VocaLinks Inc.,Scarborough,Ontario,Canada,"$64,725.92",2020-11-30
Ministry of Environment and Climate Change Strategy,Ministry of Environment and Climate Change Strategy,Improving BC's Provincial Inventory of GHGs - Road Transport,GS21JHQ076,SRFP,2020-10-02,1,2020-10-09,Licker Geospatial Consulting Ltd,Vancouver,British Columbia,Canada,"$62,500.00",2020-11-30
Ministry of Environment and Climate Change Strategy,Ministry of Environment and Climate Change Strategy,"Clean Coast, Clean Waters Initiative Fund",11801,RFP,2020-11-03,3,2020-11-04,PricewaterhouseCoopers LLP,Victoria,British Columbia,Canada,"$10,000,000.00",2020-11-30
Ministry of Children and Family Development,Ministry of Children and Family Development,2 Bed CYSN Staffed Behavioural & Respite Resource Kootenay ,MCFD-12-2020,RFP,2020-10-28,1,2020-11-16,PDR Investmensts Inc.  dba Interior HomeCare Solutions,Vernon,British Columbia,Canada,"$583,264.28",2020-12-01
"Ministry of Forests, Lands, Natural Resource Operations and R.D.","Ministry of Forests, Lands, Natural Resource Operations and R.D.",Starratt/Cranberry Marsh WMA Viewing Tower Inspection-Valemount,GS21DPG631,ITQ,2020-10-26,1,2020-11-17,Logic NDT Solutions Ltd.,Calgary,Alberta,Canada,"$2,055.00",2020-12-02
"Ministry of Forests, Lands, Natural Resource Operations and R.D.","Ministry of Forests, Lands, Natural Resource Operations and R.D.",Stream Crossing Design Starratt/Cranberry Marsh - Valemount,GS21DPG629,ITQ,2020-10-26,1,2020-11-17,StoneCroft Engineering Ltd.,Campbell River,British Columbia,Canada,"$8,100.00",2020-12-02
Procurement Services Branch,Ministry of Transportation and Infrastructure,Supply and Delivery of one (1) Mountain Snowmobile (Hope),ITQ-006360,Itq,2020-11-05,1,2020-11-10,Greater Vancouver Powersports Inc.,Langley,British Columbia,Canada,"$18,623.73",2020-12-02
"Ministry of Energy, Mines, and Petroleum Resources","Ministry of Energy, Mines, and Petroleum Resources",Columbia River Treaty Governance Project,GS21MAN0017S,SRFP,2020-09-14,0,2020-10-16,Pacific Resolutions,North Saanich,British Columbia,Canada,"$90,000.00",2020-12-02
"Ministry of Forests, Lands, Natural Resource Operations and R.D.","Ministry of Forests, Lands, Natural Resource Operations and R.D.",Sea-to-Sky District - 2020 Bridge Guard Rail Replacement Project,EN20NAN902,ITT,2020-11-26,2,2020-12-02,Surespan Construction Ltd.,North Vancouver,British Columbia,Canada,"$338,947.36",2020-12-02
Ministry of Public Safety and Solicitor General,Ministry of Public Safety and Solicitor General,Body Removal and Transport - Oceanside,PSSGBCCS21ITQ706,ITQ,2020-10-21,0,2020-11-04,Yates Memorial Services,Parksville,British Columbia,Canada,"$150,000.00",2020-12-02
Procurement Services Branch,"Ministry of Forests, Lands, Natural Resource Operations and R.D.",Hard Drives,ITQ-006371,Itq,2020-11-20,1,2020-11-30,ITEXPRESS DIRECT INC.,Oakville,Ontario,Canada,"$23,404.50",2020-12-03
"Ministry of Forests, Lands, Natural Resource Operations and R.D.","Ministry of Forests, Lands, Natural Resource Operations and R.D.",Transport of 5 wide Trailer to Penticton & Lytton Fire Zones,ITT21BCWSHQ010_A,ITT,2020-11-20,3,2020-11-23,Blue Collar Silviculture Ltd,Quesnel,British Columbia,Canada,"$28,561.00",2020-12-03
"Ministry of Forests, Lands, Natural Resource Operations and R.D.","Ministry of Forests, Lands, Natural Resource Operations and R.D.",Renovation of Equipment Cache Building - Penticton Fire zone,ITT21BCWSHQ009,ITT,2020-11-09,3,2020-11-19,Wildstone Contruction adn Engineering Ltd,Victoria,British Columbia,Canada,"$264,953.00",2020-12-03
"Ministry of Forests, Lands, Natural Resource Operations and R.D.","Ministry of Forests, Lands, Natural Resource Operations and R.D.","Design, Fabrication, Construction of a 4 wide modular building",RPF21BCWSHQ008,RFP,2020-11-12,3,2020-11-19,Wildstone Construction and Engineering Ltd,Victoria,British Columbia,Canada,"$635,044.00",2020-12-03
Procurement Services Branch,Ministry of Citizens' Services,AG Red Hat JBoss EAP Subscription Renewal,ITQ-006378,Itq,2020-11-19,0,2020-11-27,Myra Systems Corp,Victoria,British Columbia,Canada,"$21,105.48",2020-12-03
Ministry of Public Safety and Solicitor General,Ministry of Public Safety and Solicitor General,SRFP for Review of Vancouver Police Board (PART A),SGPSPB2166804,SRFP,2020-10-01,2,2020-10-15,N/A,,,,$0.00,2020-12-04
Ministry of Public Safety and Solicitor General,Ministry of Public Safety and Solicitor General,SRFP for Review of Vancouver Police Board (PART A),SGPSPB2166804,SRFP,2020-10-01,2,2020-10-15,N/A,,,,$0.00,2020-12-04
Procurement Services Branch,Ministry of Public Safety and Solicitor General,8 Ion Scanners (Victoria),ITQ-006380,Itq,2020-11-24,1,2020-12-02,Visiontec (2008) Limited,Mississauga,Ontario,Canada,"$396,485.64",2020-12-04
Procurement Services Branch,Ministry of Environment and Climate Change Strategy,EOTECH HWS EXPS3-0 red dot rifle scope (Kamloops),ITQ-006376,Itq,2020-11-17,0,2020-11-25,M.D. Charlton Company Ltd,Victoria,British Columbia,Canada,"$51,518.88",2020-12-04
"Ministry of Forests, Lands, Natural Resource Operations and R.D.","Ministry of Forests, Lands, Natural Resource Operations and R.D.",Moose SRB Inventory for Lower Skeena PMU,GS20RSK036SF,SRFP,2019-11-08,0,2019-12-06,No successful proponents,Victoria,British Columbia,Canada,$0.00,2020-12-06
"Ministry of Forests, Lands, Natural Resource Operations and R.D.","Ministry of Forests, Lands, Natural Resource Operations and R.D.",Omineca Granular Surfacing Aggregate Production - DPG,EN21PGN310,ITT,2020-11-19,0,2020-12-07,Terus Construction Ltd. dba Selkirk Paving,Crescent Valley,British Columbia,Canada,"$317,820.55",2020-12-07
Procurement Services Branch,"Ministry of Forests, Lands, Natural Resource Operations and R.D.",HEAVY DUTY SNOWMOBILE - 1 UNIT (TERRACE),ITQ-006385,Itq,2020-11-26,0,2020-12-04,Cycle North Enterprises Ltd,Prince George,British Columbia,Canada,"$16,240.00",2020-12-07
"Ministry of Forests, Lands, Natural Resource Operations and R.D.","Ministry of Forests, Lands, Natural Resource Operations and R.D.",2 x Fabric Covered Steel Framed Buildings for Equipment Depots,HQK-020,ITQ,2020-11-04,0,2020-11-20,SpanMaster Structures Ltd,Tappen,British Columbia,Canada,"$177,395.07",2020-12-07
Procurement Services Branch,"Ministry of Forests, Lands, Natural Resource Operations and R.D.",Fabricate & Supply 2 Bridges (Maka Murray & Criss Lake),ITQ-006374,Itq,2020-11-18,2,2020-11-23,Rapid-Span Structures Ltd,Armstrong,British Columbia,Canada,"$361,474.40",2020-12-08
Procurement Services Branch,Ministry of Environment and Climate Change Strategy,60 INFORCE-WMLx weapon lights,ITQ-006377,Itq,2020-11-20,0,2020-12-03,Rampart International Corp,Ottawa,Ontario,Canada,"$13,160.70",2020-12-08
"Ministry of Forests, Lands, Natural Resource Operations and R.D.","Ministry of Forests, Lands, Natural Resource Operations and R.D.",Fort St. James Minaret VRI Photo Interp & Digital Map Production,1070-30/OT21FHQ179,RFP,2020-11-10,2,2020-11-16,Ecora Engineering & Resource Group Ltd.,Prince George,British Columbia,Canada,"$1,159,221.77",2020-12-08
"Ministry of Forests, Lands, Natural Resource Operations and R.D.","Ministry of Forests, Lands, Natural Resource Operations and R.D.",South Skeena Motorized Access Management for Mountain Goats,GS21RSK028SF,SRFP,2020-11-04,0,2020-11-25,Sandra Blair DBA Downstream Consulting and Design,Terrace,British Columbia,Canada,"$35,580.00",2020-12-08
"Ministry of Forests, Lands, Natural Resource Operations and R.D.","Ministry of Forests, Lands, Natural Resource Operations and R.D.",Road Side Brushing,EN21DSN038-A,ITT,2020-11-02,0,2020-11-17,N/A,,,,$0.00,2020-12-09
Ministry of Transportation and Infrastructure - Construction,Ministry of Transportation and Infrastructure - Construction,Reversible Lane Control System Implementation,12878MJ0001,MOTITT,2020-11-19,3,2020-11-26,Paladin Technologies Inc,Vancouver,British Columbia,Canada,"$4,667,266.00",2020-12-09
"Ministry of Forests, Lands, Natural Resource Operations and R.D.","Ministry of Forests, Lands, Natural Resource Operations and R.D.",Meier Road Fire Hazard Management Project,FS21DSN035,ITT,2020-10-26,0,2020-11-18,N/A,,,,$0.00,2020-12-10
Ministry of Public Safety and Solicitor General,Ministry of Public Safety and Solicitor General,SRFP for Review of Vancouver Police Board (PART B),SGPSPB2166805,SRFP,2020-10-01,2,2020-10-15,DAVID LOUKIDELIS QC LAW CORPORATION,Edmonton,Alberta,Canada,"$15,000.00",2020-12-10
Ministry of Public Safety and Solicitor General,Ministry of Public Safety and Solicitor General,SRFP for Review of Vancouver Police Board (PART B),SGPSPB2166805,SRFP,2020-10-01,2,2020-10-15,DAVID LOUKIDELIS QC LAW CORPORATION,Edmonton,Alberta,Canada,"$15,000.00",2020-12-10
"Ministry of Forests, Lands, Natural Resource Operations and R.D.","Ministry of Forests, Lands, Natural Resource Operations and R.D.",Recreation Picnic Table Supply ,REC6473_SCTABLE,ITQ,2020-12-07,2,2020-12-11,0992760 BC Ltd,Burnaby,British Columbia,Canada,$237.00,2020-12-11
"Ministry of Forests, Lands, Natural Resource Operations and R.D.","Ministry of Forests, Lands, Natural Resource Operations and R.D.",Fort St. James Minaret VRI Phase I Quality Assurance,1070-30/OT21FHQ197,ITT,2020-11-03,1,2020-12-03,1634459 Alberta Ltd.,Edmonton,Alberta,Canada,"$133,494.31",2020-12-11
Procurement Services Branch,"Ministry of Forests, Lands, Natural Resource Operations and R.D.",SUPPLY & DELIVERY OF LIGHT DUTY ATV (QUESNEL),ITQ-006387,Itq,2020-11-27,0,2020-12-08,Cycle North Enterprises Ltd,Prince George,British Columbia,Canada,"$10,660.16",2020-12-15
Procurement Services Branch,Ministry of Public Safety and Solicitor General,BC Corrections PHEV's.,ITQ-006391,Itq,2020-12-02,2,2020-12-09,1201934 B.C. Ltd.,Richmond,British Columbia,Canada,"$223,728.79",2020-12-15
Procurement Services Branch,Ministry of Public Safety and Solicitor General,BC Corrections PHEVs.,ITQ-006392,Itq,2020-12-02,2,2020-12-09,1201934 B.C. Ltd.,Richmond,British Columbia,Canada,"$225,408.79",2020-12-15
"Ministry of Forests, Lands, Natural Resource Operations and R.D.","Ministry of Forests, Lands, Natural Resource Operations and R.D.",Search and Destroy of Mountain Pine Beetle,FH21DND011,ITT,2020-11-18,0,2020-12-03,Finlay Lake Forestry Ltd.,Smithers,British Columbia,Canada,"$75,500.00",2020-12-15
"Ministry of Forests, Lands, Natural Resource Operations and R.D.","Ministry of Forests, Lands, Natural Resource Operations and R.D.",FH21DND012 Search and Destroy MPB Nadina Forest District,FH21DND012,ITT,2020-11-18,0,2020-12-03,Finlay Lake Forestry Ltd.,Smithers,British Columbia,Canada,"$69,500.00",2020-12-15
Ministry of Environment and Climate Change Strategy,Ministry of Environment and Climate Change Strategy,Naikoon well remediation,CP21SME027,ITQ,2020-11-12,0,2020-12-03,Double D Drilling Ltd.,Terrace,British Columbia,Canada,"$19,900.00",2020-12-15
"Ministry of Forests, Lands, Natural Resource Operations and R.D.","Ministry of Forests, Lands, Natural Resource Operations and R.D.",Tactical Restoration Plan Pink Mountain Caribou Herd,PINK-001,SRFP,2020-12-02,3,2020-12-03,Golder Associates Ltd,Edmonton,Alberta,Canada,"$45,500.00",2020-12-16
Ministry of Transportation and Infrastructure,Ministry of Transportation and Infrastructure,AS & WHEN REQUIRED FIRST AID SERVICES - NORTH PEACE,331LM9229-FA,ITB,2020-12-10,0,2020-12-16,Tactical Medical Service Inc.,Nanaimo,British Columbia,Canada,"$50,000.00",2020-12-16
"Ministry of Forests, Lands, Natural Resource Operations and R.D.","Ministry of Forests, Lands, Natural Resource Operations and R.D.",Penticton Zone Fire Base – Utility Service Upgrade ,ITT21BCWSHQ011,ITT,2020-12-09,3,2020-12-11,Keldon Electric Ltd,Penticton,British Columbia,Canada,"$96,890.00",2020-12-16
"Ministry of Forests, Lands, Natural Resource Operations and R.D.","Ministry of Forests, Lands, Natural Resource Operations and R.D.",Ground Truthing Spruce Beetle Imapcted Stands in PG Forest Dist.,FH21DPG624,ITT,2020-11-26,0,2020-12-10,Spectrum Resource Group Inc.,Prince George,British Columbia,Canada,"$33,997.90",2020-12-16
Procurement Services Branch,Ministry of Environment and Climate Change Strategy,FY21 BC PARKS C&E UPFITTING 6 UNITS,ITQ-006384,Itq,2020-12-01,0,2020-12-09,Mega Technical Holdings Ltd,Chilliwack,British Columbia,Canada,"$182,165.23",2020-12-17
Procurement Services Branch,Ministry of Environment and Climate Change Strategy,FY21 - COS UPFITTING ,ITQ-006404,Itq,2020-12-02,1,2020-12-10,Mega Technical Holdings Ltd,Chilliwack,British Columbia,Canada,"$347,148.75",2020-12-17
"Ministry of Forests, Lands, Natural Resource Operations and R.D.","Ministry of Forests, Lands, Natural Resource Operations and R.D.","Modification of the MV ""Forest Patrol"" for TC Upgrades",GS21NAN742,ITT,2020-12-03,0,2020-12-17,Canadian Maritime Engineering Limited,Port Alberni,British Columbia,Canada,"$418,546.17",2020-12-17
"Ministry of Forests, Lands, Natural Resource Operations and R.D.","Ministry of Forests, Lands, Natural Resource Operations and R.D.",Haida Gwaii - Stanley & Moresby FSR Roadside Brushing,EN21NAN812,ITT,2020-11-24,0,2020-12-08,O'Brien & Fuerst Logging Ltd,Port Clements,British Columbia,Canada,"$49,500.00",2020-12-17
Ministry of Environment and Climate Change Strategy,Ministry of Environment and Climate Change Strategy,Improving BC's Provincial Inventory of GHGs - Industry Reporting,GS21JHQ077,SRFP,2020-09-16,1,2020-10-09,WSP Canada Inc.,Vancouver,British Columbia,Canada,"$64,500.00",2020-12-17
"Ministry of Forests, Lands, Natural Resource Operations and R.D.","Ministry of Forests, Lands, Natural Resource Operations and R.D.",Architectural Services Tree Seed Centre Addition ,GS21JHQ012,RFP,2020-11-13,8,2020-11-16,ph5 architecture inc BC0822419,Vancouver,British Columbia,Canada,"$330,790.00",2020-12-17
Procurement Services Branch,Ministry of Transportation and Infrastructure,Galvanic Anodes (Prince George),ITQ-006382,Itq,2020-11-30,0,2020-12-08,Vector Corrosion Technologies Ltd.,Delta,British Columbia,Canada,"$27,950.00",2020-12-18
Ministry of Environment and Climate Change Strategy,Ministry of Environment and Climate Change Strategy,Amendment Conkle Lake Park Fuel Reduction Ecosystem Restoration,11826,RFP,2020-11-20,2,2020-11-26,Green Peaks Resource Management LTD.,Midway,British Columbia,Canada,"$285,685.00",2020-12-18
Procurement Services Branch,Ministry of Environment and Climate Change Strategy,.40 Caliber Duty and Training Ammunition,ITQ-006394,Itq,2020-12-03,1,2020-12-16,Korth Group Ltd.,Okotoks,Alberta,Canada,"$3,476.55",2020-12-18
Procurement Services Branch,Ministry of Environment and Climate Change Strategy,Supply & Delivery of Ammunition .308 Caliber Duty(Kamloops),ITQ-006396,Itq,2020-12-01,0,2020-12-11,Korth Group Ltd.,Okotoks,Alberta,Canada,"$8,557.50",2020-12-18
"Ministry of Forests, Lands, Natural Resource Operations and R.D.","Ministry of Forests, Lands, Natural Resource Operations and R.D.",Spruce Beetle Ground Surveys ,FH21DPG621,ITT,2020-11-26,1,2020-12-08,Spectrum Resource Group Inc,Prince George,British Columbia,Canada,"$67,659.00",2020-12-18
"Ministry of Forests, Lands, Natural Resource Operations and R.D.","Ministry of Forests, Lands, Natural Resource Operations and R.D.",R2-298 Bridge Install for Fish Passage,EN21PGN308,ITT,2020-12-15,4,2020-12-18,West Horizon Contracting Inc.,Smithers,British Columbia,Canada,"$419,000.00",2020-12-18
Procurement Services Branch,Ministry of Environment and Climate Change Strategy,.40 Caliber Duty and Training Ammunition,ITQ-006394,Itq,2020-12-03,1,2020-12-16,M.D. Charlton Company Ltd,Victoria,British Columbia,Canada,"$16,117.92",2020-12-18
"Ministry of Forests, Lands, Natural Resource Operations and R.D.","Ministry of Forests, Lands, Natural Resource Operations and R.D.",Northern Mountain Caribou Range Delineation Strategy,GS20RSK051SF,SRFP,2019-11-22,1,2019-12-03,Chrysalis Ecological,Sherwood Park,Alberta,Canada,"$20,000.00",2020-12-20
Procurement Services Branch,"Ministry of Forests, Lands, Natural Resource Operations and R.D.",SUPPLY & DELIVERY OF BOAT/MOTOR (NELSON),ITQ-006395,Itq,2020-12-03,1,2020-12-09,Jones Boys Boats (1999) Ltd,Ainsworth,British Columbia,Canada,"$24,155.04",2020-12-21
Procurement Services Branch,"Ministry of Forests, Lands, Natural Resource Operations and R.D.","Design, fabricate supply 2 all steel portable bridges HaidaGwaii",ITQ-006413,Itq,2020-12-07,0,2020-12-15,Rapid-Span Structures Ltd,Armstrong,British Columbia,Canada,"$117,376.00",2020-12-21
Procurement Services Branch,"Ministry of Forests, Lands, Natural Resource Operations and R.D.","N2-013 Design, Fabricate and Supply substructure& Ballast Wall",ITQ-006411,Itq,2020-12-07,1,2020-12-15,Pioneer Precast Products,Chilliwack,British Columbia,Canada,"$40,821.76",2020-12-21
Procurement Services Branch,Ministry of Citizens' Services,Splunk Enterprise Term License with Standard Success Plan,ITQ-006419,Itq,2020-12-09,1,2020-12-17,CDW Canada Inc,Etobicoke,Ontario,Canada,"$124,304.89",2020-12-21
Procurement Services Branch,Ministry of Citizens' Services,Insperity OrgPlus 100 Licenses (Victoria) (RePost),ITQ-006364R,Itq,2020-12-07,0,2020-12-15,SHI Canada ULC,Toronto,Ontario,Canada,"$49,970.42",2020-12-22
"Ministry of Forests, Lands, Natural Resource Operations and R.D.","Ministry of Forests, Lands, Natural Resource Operations and R.D.",Meier Road Fire Hazard Management Project,FS21DSN035,ITT,2020-10-26,0,2020-11-18,N/A,,,,$0.00,2020-12-23
Procurement Services Branch,Ministry of Environment and Climate Change Strategy,Apple IPADS,ITQ-006405,Itq,2020-12-08,0,2020-12-18,341234 BC Ltd,Burnaby,British Columbia,Canada,"$16,249.63",2020-12-23
Procurement Services Branch,Ministry of Environment and Climate Change Strategy,"Training Ammunition 7.62 x 51 mm 90,000 rounds",ITQ-006398,Itq,2020-12-03,0,2020-12-16,0734089 B.C. Ltd.,Fort St John,British Columbia,Canada,"$100,598.40",2020-12-23
"Ministry of Forests, Lands, Natural Resource Operations and R.D.","Ministry of Forests, Lands, Natural Resource Operations and R.D.",Request for Proposal,11861,RFP,2020-11-26,0,2020-12-04,Garrett Log Services,New Westminster,British Columbia,Canada,"$10,000.00",2020-12-23
"Ministry of Forests, Lands, Natural Resource Operations and R.D.","Ministry of Forests, Lands, Natural Resource Operations and R.D.",Wildfire Risk Management,RFP21WHQ0215,RFP,2020-10-30,1,2020-11-26,B.A. Blackwell & Associates Ltd.,North Vancouver,British Columbia,Canada,"$150,000.00",2020-12-23
Procurement Services Branch,"Ministry of Forests, Lands, Natural Resource Operations and R.D.","Design, fabricate and supply SIX all steel portable bridges",ITQ-006427,Itq,2020-12-09,0,2020-12-18,Surespan Structures Ltd.,Duncan,British Columbia,Canada,"$443,251.20",2020-12-24
Procurement Services Branch,Ministry of Environment and Climate Change Strategy,Pelican V770 Single rifle cases,ITQ-006437,Itq,2020-12-15,1,2020-12-18,Professional Security Products Corp,Montreal,Quebec,Canada,"$10,076.85",2020-12-24
Procurement Services Branch,"Ministry of Forests, Lands, Natural Resource Operations and R.D.", Treated Timber - Various Locations,ITQ-006400,Itq,2020-12-08,1,2020-12-18,Stinger Welding Ltd,Prince George,British Columbia,Canada,"$555,753.80",2020-12-24
Procurement Services Branch,"Ministry of Forests, Lands, Natural Resource Operations and R.D.",Standing Offer for Hand Sanitizer Products(Chilliwack & PG),ITQ-006420,Itq,2020-12-11,1,2020-12-16,Hazmasters Inc.,Burnaby,British Columbia,Canada,$0.00,2020-12-30
Procurement Services Branch,"Ministry of Forests, Lands, Natural Resource Operations and R.D.","FY21 Design, fabricate, supply, concrete slab and 8 no-post barr",ITQ-006412,Itq,2020-12-08,3,2020-12-14,TRI-KON PRECAST PRODUCTS LTD.,Cranbrook,British Columbia,Canada,"$199,808.93",2020-12-30
Procurement Services Branch,Ministry of Environment and Climate Change Strategy,AMERIGLO GL-816 Glock Pistol Sights,ITQ-006438,Itq,2020-12-11,0,2020-12-21,Rampart International Corp,Ottawa,Ontario,Canada,"$13,779.94",2020-12-30
Procurement Services Branch,Ministry of Citizens' Services,Remedy Custom Applications User Licenses and Continuous ,ITQ-006440,Itq,2020-12-14,0,2020-12-22,RJR Innovations Inc.,Ottawa,Ontario,Canada,"$206,159.15",2020-12-30
Procurement Services Branch,Ministry of Environment and Climate Change Strategy,EOTECH G33 STS magnifiers,ITQ-006436,Itq,2020-12-10,0,2020-12-18,Wolverine Supplies Ltd.,Virden,Manitoba,Canada,"$88,042.50",2020-12-30
Procurement Services Branch,"Ministry of Forests, Lands, Natural Resource Operations and R.D.",SUPPLY & DELIVERY OF LARGE BOAT TRAILER(Port McNeill),ITQ-006402R,Itq,2020-12-15,0,2020-12-23,Stephenson Enterprises Inc.,Abbotsford,British Columbia,Canada,"$16,792.16",2020-12-31
Procurement Services Branch,Ministry of Attorney General,Supply & Delivery of 7 Custom Video Equip Enclosures (Vancouver),ITQ-006447,Itq,2020-12-22,1,2020-12-30,Downtown Custom Metal Works Ltd.,Vancouver,British Columbia,Canada,"$14,933.12",2020-12-31
Procurement Services Branch,Ministry of Attorney General,COURTROOM EQUIPMENT - CISCO ROOM KIT,ITQ-006446,Itq,2020-12-17,0,2020-12-29,Charter Telecom Inc,Victoria,British Columbia,Canada,"$234,119.09",2020-12-31
