Issued by Organization,Issued for Organization,Title,Tender No,Procurement Method,Issued Date,Amendments,Closing Date,Successful Vendor,Successful Vendor City,Award Total,Date Awarded,Province / State,Country
Procurement Services Branch,Ministry of Citizens' Services,Identity and Access Management Resources for ADMS,ON-003381,RFP,2019-11-28,2,2019-12-09,N/A,,$0.00,2020-01-02,,
Procurement Services Branch,Ministry of Citizens' Services,Identity and Access Management Resources for ADMS,ON-003381,RFP,2019-11-28,2,2019-12-09,N/A,,$0.00,2020-01-02,,
Ministry of Finance,Ministry of Finance,MFIN- Sr. Solutions Architect - Mainframe Migration,10938,SRFP,2019-11-07,4,2019-11-11,TEK Systems Canada Corp.,Vancouver,"$550,000.00",2020-01-06,British Columbia,Canada
"Ministry of Forests, Lands, Natural Resource Operations and R.D.","Ministry of Forests, Lands, Natural Resource Operations and R.D.",Decked Wood Sale FLTC A97250 Wild Goose Lake 100 Mile House,FLTC A97250,ITT,2019-12-09,0,2019-12-20,Tony Jongbloets,Lone Butte,$2.26,2020-01-06,British Columbia,Canada
Ministry of Agriculture,Ministry of Agriculture,NOI - Direct Award an Increase of Contract Value,11039,NOI,2019-12-09,0,2019-12-18,PricewaterhouseCoopers LLP,Vancouver,"$313,500.00",2020-01-06,British Columbia,Canada
"Ministry of Forests, Lands, Natural Resource Operations and R.D.","Ministry of Forests, Lands, Natural Resource Operations and R.D.",Wildfire Fuel Management Monitoring and Project Supervision,CS20DQU008,ITT,2019-12-12,1,2020-01-02,Central Interior Mapping Co. Ltd.,Quesnel,"$32,615.00",2020-01-06,British Columbia,Canada
Procurement Services Branch,Ministry of Health,HPE Quality Center Maintenance & Support Renewal (Victoria),ITQ-006067,Itq,2019-12-16,0,2019-12-31,CDW Canada Inc,Etobicoke,"$62,272.00",2020-01-06,Ontario,Canada
Procurement Services Branch,"Ministry of Forests, Lands, Natural Resource Operations and R.D.",2 Lane Concrete Slab Bridge (43.5km Finlay FSR),ITQ-006070,Itq,2019-12-17,0,2019-12-31,Pioneer Precast Products,Chilliwack,"$217,582.40",2020-01-07,British Columbia,Canada
Procurement Services Branch,"Ministry of Forests, Lands, Natural Resource Operations and R.D.",Single Lane Steel/Concrete Bridge (Finlay-Russel FSR),ITQ-006071,Itq,2019-12-17,0,2019-12-31,Pioneer Precast Products,Chilliwack,"$178,884.16",2020-01-07,British Columbia,Canada
"Ministry of Forests, Lands, Natural Resource Operations and R.D.","Ministry of Forests, Lands, Natural Resource Operations and R.D.",LiDAR for identification of Northern Goshawk & Winter Habitat,1070-30/OT20FHQ289,SRFP,2019-12-17,2,2019-12-18,"Eric Todd Manning and Denise Lynn Manning, dba Strategic Resourc",Victoria,"$52,500.00",2020-01-07,British Columbia,Canada
"Ministry of Forests, Lands, Natural Resource Operations and R.D.","Ministry of Forests, Lands, Natural Resource Operations and R.D.",Predator Management and Caribou-Wolf Capture and Collaring,GS20WLN015 ILTEC,RFP,2019-11-15,0,2019-12-05,Canadian Wildlife Capture Ltd.,Powell River,"$646,000.00",2020-01-08,British Columbia,Canada
"Ministry of Forests, Lands, Natural Resource Operations and R.D.","Ministry of Forests, Lands, Natural Resource Operations and R.D.",Invitation to Tender Decked Wood Sale FLTC A97251 70 Mile House,FLTC A97251,ITT,2019-12-06,0,2019-12-20,N/A,,$0.00,2020-01-08,,
"Ministry of Forests, Lands, Natural Resource Operations and R.D.","Ministry of Forests, Lands, Natural Resource Operations and R.D.",Invitation to Tender Decked Wood Sale FLTC A97252 Young Lake BC,FLTC A97252,ITT,2019-12-06,0,2019-12-20,N/A,,$0.00,2020-01-08,,
Ministry of Transportation and Infrastructure - Construction,Ministry of Transportation and Infrastructure - Construction,Peace District Crushing 2019/20,37643MJ0000,MOTITT,2019-12-10,1,2019-12-20,Brocor Construction Ltd.,Dawson Creek,"$316,000.00",2020-01-08,British Columbia,Canada
Ministry of Transportation and Infrastructure - Construction,Ministry of Transportation and Infrastructure - Construction,Asphalt Surfacing - Lister Area Side Roads and Hwy 21 Patches,24964MJ0000,MOTITT,2019-11-26,0,2019-12-18,"Terus Construction Ltd., dba Selkirk Paving",Crescent Valley,"$3,665,482.52",2020-01-09,British Columbia,Canada
Ministry of Transportation and Infrastructure - Construction,Ministry of Transportation and Infrastructure - Construction,Asphalt Surfacing - Lister Area Side Roads and Hwy 21 Patches,24964MJ0000,MOTITT,2019-11-26,0,2019-12-18,"Terus Construction Ltd., dba Selkirk Paving",Crescent Valley,"$3,665,482.52",2020-01-09,British Columbia,Canada
Procurement Services Branch,Ministry of Agriculture,Supply and Delivery of Upright Biomedical Freezer (Abbotsford),ITQ-006061,Itq,2019-12-18,2,2020-01-02,VWR International Co.,Mississauga,"$6,882.36",2020-01-09,Ontario,Canada
Procurement Services Branch,"Ministry of Forests, Lands, Natural Resource Operations and R.D.",All Terrain Vehicle (Dawson Creek),ITQ-006073,Itq,2019-12-18,0,2020-01-06,Cycle North Enterprises Ltd,Prince George,"$9,240.00",2020-01-09,British Columbia,Canada
Procurement Services Branch,Ministry of Agriculture,Supply and Delivery of Pharmaceutical Refrigerator (Abbotsford),ITQ-006064,Itq,2019-12-19,0,2020-01-02,ESBE Scientific Industries Inc,Markham,"$11,106.38",2020-01-09,Ontario,Canada
"Ministry of Forests, Lands, Natural Resource Operations and R.D.","Ministry of Forests, Lands, Natural Resource Operations and R.D.",Falling and Burning Douglas-Fir Beetle Infested Trees,FH20DSN054,ITT,2019-12-20,0,2020-01-09,Seneca Enterprises Ltd,Prince George,"$11,454.00",2020-01-09,British Columbia,Canada
Ministry of Transportation and Infrastructure,Ministry of Transportation and Infrastructure,Elevator Maintenance and Emergency Services,RFP-TMC-2019013,RFP,2019-11-18,0,2019-12-16,Richmond Elevator Maintenance Ltd,Richmond,"$20,000.00",2020-01-10,British Columbia,Canada
"Ministry of Forests, Lands, Natural Resource Operations and R.D.","Ministry of Forests, Lands, Natural Resource Operations and R.D.","Bridge Design, Supply & Install K931A - Jamieson Creek FSR",EN20474-057,ITT,2019-12-13,0,2020-01-08,WEST BRIDGE CORPORATION,Kamloops,"$547,400.00",2020-01-10,British Columbia,Canada
Procurement Services Branch,Ministry of Agriculture,Supply & Delivery of Floor Centrifuge (Abbotsford),ITQ-006060,Itq,2019-12-23,4,2020-01-02,Fisher Scientific Ltd,Nepean,"$25,137.88",2020-01-10,Ontario,Canada
Procurement Services Branch,"Ministry of Forests, Lands, Natural Resource Operations and R.D.",Flail Mower Tractor Attachment (Saanichton),ITQ-006072,Itq,2019-12-31,1,2020-01-06,Prairiecoast Equipment Inc.,Nanaimo,"$8,736.00",2020-01-10,British Columbia,Canada
"Ministry of Advanced Education, Skills, and Training","Ministry of Advanced Education, Skills, and Training",24/7 Counselling and Referral Service for Post-Sec. Students,AEST-RFP-PSMHI-002,RFP,2019-05-07,3,2019-05-10,Morneau Shepell Limited,Halifax,"$4,500,000.00",2020-01-13,Nova Scotia,Canada
Procurement Services Branch,"Ministry of Forests, Lands, Natural Resource Operations and R.D.",Three Concrete Slab Structures (3 locations),ITQ-006066,Itq,2019-12-16,0,2019-12-31,Pioneer Precast Products,Chilliwack,"$366,681.28",2020-01-13,British Columbia,Canada
Procurement Services Branch,"Ministry of Energy, Mines, and Petroleum Resources",Exchangeable Payload Remotely Piloted Aircraft System (Victoria),ITQ-006076,Itq,2019-12-19,0,2020-01-08,Dronelogics Systems Inc.,Burnaby,"$19,540.64",2020-01-13,British Columbia,Canada
Ministry of Health,Ministry of Health,Review of Source Water Protection Mandates,RFPHL275,RFP,2019-11-20,2,2019-11-29,Econics Services Inc.,Victoria,"$197,716.00",2020-01-14,British Columbia,Canada
"Ministry of Forests, Lands, Natural Resource Operations and R.D.","Ministry of Forests, Lands, Natural Resource Operations and R.D.",Coast Waste Implementation Project - Kleeptee,1070-20/GMA20TPB008,ITT,2019-12-08,1,2019-12-31,Roc-Star Enterprises Ltd.,Port Alberni,"$12,000.00",2020-01-14,British Columbia,Canada
"Ministry of Forests, Lands, Natural Resource Operations and R.D.","Ministry of Forests, Lands, Natural Resource Operations and R.D.",Coast Waste Implementation Project - Quadra,1070-20/GMA20TPB009,ITT,2019-12-08,1,2019-12-31,Seamar Industries Ltd,Quathiaski Cove,"$24,000.00",2020-01-14,British Columbia,Canada
Ministry of Transportation and Infrastructure - Construction,Ministry of Transportation and Infrastructure - Construction,Seal Coat 108 Lane Km of the Mackenzie Area,37731MJ0000,MOTITT,2019-12-12,0,2020-01-08,O.K. Industries Ltd.,Saanichton,"$2,137,183.00",2020-01-14,British Columbia,Canada
Ministry of Transportation and Infrastructure - Construction,Ministry of Transportation and Infrastructure - Construction,Seal Coat 108 Lane Km of the Mackenzie Area,37731MJ0000,MOTITT,2019-12-12,0,2020-01-08,O.K. Industries Ltd.,Saanichton,"$2,137,183.00",2020-01-14,British Columbia,Canada
Procurement Services Branch,Ministry of Public Safety and Solicitor General,Talon X II/2 Ballistic Panels and Carriers (Nanaimo),ITQ-006058,Itq,2019-12-13,1,2019-12-23,Pacific Safety Products Inc,Arnprior,"$10,201.40",2020-01-14,Ontario,Canada
Procurement Services Branch,"Ministry of Forests, Lands, Natural Resource Operations and R.D.",Two (2) All Terrain Vehicles (Nanaimo),ITQ-006057,Itq,2019-12-18,2,2019-12-20,Cycle North Enterprises Ltd,Prince George,"$18,480.00",2020-01-14,British Columbia,Canada
Procurement Services Branch,"Ministry of Forests, Lands, Natural Resource Operations and R.D.",Two Concrete Slab Bridges and Approach Barriers (2 Locations),ITQ-006068,Itq,2019-12-20,1,2020-01-07,Rapid-Span Precast Ltd,Armstrong,"$326,816.00",2020-01-14,British Columbia,Canada
Procurement Services Branch,"Ministry of Forests, Lands, Natural Resource Operations and R.D.",BOAT TRAILER (TERRACE),ITQ-006065,Itq,2019-12-20,1,2019-12-31,N R Motors Ltd,Prince George,"$11,796.96",2020-01-14,British Columbia,Canada
Procurement Services Branch,Ministry of Attorney General,CISCO Courtroom Teleconferencing Equipment (Vancouver),ITQ-006083,Itq,2019-12-24,0,2020-01-10,Insight Canada Inc.,Vancouver,"$21,367.42",2020-01-14,British Columbia,Canada
"Ministry of Forests, Lands, Natural Resource Operations and R.D.","Ministry of Forests, Lands, Natural Resource Operations and R.D.",RFP_20191213_WMU_743_Moose Survey,20191213,RFP,2020-01-02,1,2020-01-06,Wildlife Infometrics Inc.,Mackenzie,"$64,592.00",2020-01-14,British Columbia,Canada
Ministry of Education,Ministry of Education,Early Learning Strategic Consultant,EDU20-316-SRFP,SRFP,2019-12-12,1,2019-12-23,Maureen Dockendorf,Kaldeen,"$249,600.00",2020-01-15,British Columbia,Canada
Procurement Services Branch,"Ministry of Forests, Lands, Natural Resource Operations and R.D.",Supply and Delivery of Sea Can Container (Vanderhoof),ITQ-006059,Itq,2019-12-13,0,2019-12-23,Secure-Rite Mobile Storage Inc.,Kelowna,"$8,792.00",2020-01-15,British Columbia,Canada
Procurement Services Branch,Ministry of Citizens' Services,Wooden Twin Bedframes (Burnaby),ITQ-006074,Itq,2019-12-19,0,2020-01-07,Mustafa Akkuzu,Abbotsford,"$136,080.00",2020-01-15,British Columbia,Canada
"Ministry of Forests, Lands, Natural Resource Operations and R.D.","Ministry of Forests, Lands, Natural Resource Operations and R.D.",WEST QUESNEL PRIMARY FUEL BREAK WILDFIRE FUEL MANAGEMENT PROJECT,OP20DQU003,ITT,2019-12-20,0,2020-01-10,Spectrum Resource Group Inc.,Prince George,"$299,444.94",2020-01-15,British Columbia,Canada
"Ministry of Forests, Lands, Natural Resource Operations and R.D.","Ministry of Forests, Lands, Natural Resource Operations and R.D.",M Culvert Install N1-248 Flathead Main 40m 4.6M Embedd Culvert,EN21474-001,ITT,2019-12-05,1,2020-01-16,M.JOHNSTON CONSTRUCTION LTD,Cranbrook,"$383,300.00",2020-01-16,British Columbia,Canada
"Ministry of Forests, Lands, Natural Resource Operations and R.D.","Ministry of Forests, Lands, Natural Resource Operations and R.D.","Installation of approach barrier for N2-112, N2-113 and N2-116 (",EN20474-049,ITT,2019-12-11,1,2020-01-16,West Bridge Corporation,Kamloops,"$28,400.00",2020-01-16,British Columbia,Canada
"Ministry of Forests, Lands, Natural Resource Operations and R.D.","Ministry of Forests, Lands, Natural Resource Operations and R.D.",Site Preparation Grizzly Creek,SP20LMN006,ITT,2020-01-06,1,2020-01-13,N/A,,$0.00,2020-01-16,,
Procurement Services Branch,Ministry of Transportation and Infrastructure,2 Volt AGM Battery Cells (Surrey),ITQ-006084,Itq,2020-01-06,1,2020-01-09,Kold Katcher Inc,"Drumheller, Alberta","$138,657.96",2020-01-16,Alberta,Canada
"Ministry of Forests, Lands, Natural Resource Operations and R.D.","Ministry of Forests, Lands, Natural Resource Operations and R.D.",Fuel Management Survey Standard,SFRP122,SRFP,2019-11-18,1,2019-11-22,N/A,,$0.00,2020-01-20,,
"Ministry of Forests, Lands, Natural Resource Operations and R.D.","Ministry of Forests, Lands, Natural Resource Operations and R.D.",2019 Fuel Management Prescription Development in Merritt TSA,FS20DCS105,ITT,2019-12-05,0,2020-01-03,Cabin Forestry Services Ltd.,Vernon,"$20,360.00",2020-01-20,British Columbia,Canada
Procurement Services Branch,Ministry of Attorney General,UPS and Network Card (Vancouver),ITQ-006052,Itq,2019-12-10,0,2019-12-18,RIC Electronics Ltd.,Burnaby,"$4,763.91",2020-01-20,British Columbia,Canada
Ministry of Transportation and Infrastructure - Construction,Ministry of Transportation and Infrastructure - Construction,HOT-IN-PLACE RECYCLING H5 REGIONAL BOUNDARY TO AVOLA 37.2 kms,37719MJ0000,MOTITT,2019-12-19,0,2020-01-15,Green Roads Recycling Ltd.,Fernie,"$2,172,899.00",2020-01-20,British Columbia,Canada
Ministry of Transportation and Infrastructure - Construction,Ministry of Transportation and Infrastructure - Construction,HOT-IN-PLACE RECYCLING H5 REGIONAL BOUNDARY TO AVOLA 37.2 kms,37719MJ0000,MOTITT,2019-12-19,0,2020-01-15,Green Roads Recycling Ltd.,Fernie,"$2,172,899.00",2020-01-20,British Columbia,Canada
Ministry of Health,Ministry of Health,Design Guidelines for Drinking Water Systems,RFPHL277,RFP,2019-11-13,1,2019-11-30,WSP Canada Group Limited,North Vancouver,"$247,411.00",2020-01-21,British Columbia,Canada
"Ministry of Forests, Lands, Natural Resource Operations and R.D.","Ministry of Forests, Lands, Natural Resource Operations and R.D.",Develop a Framework for First Nation Land Guardian Programs ,CS20DPG522,SRFP,2019-12-04,1,2020-01-02,N/A,,$0.00,2020-01-21,,
Procurement Services Branch,Ministry of Transportation and Infrastructure,Ignition SCADA Platform License (Victoria),ITQ-006025,Itq,2019-11-05,0,2019-11-14,Inductive Automation LLC,Folsom,"$60,542.00",2020-01-22,California,United States
"Ministry of Forests, Lands, Natural Resource Operations and R.D.","Ministry of Forests, Lands, Natural Resource Operations and R.D.",Western Screech-owl population inventory ,GS20NAN431,RFP,2019-12-11,0,2020-01-10,Bernard K. Schroeder Consulting,Nanaimo,"$27,500.00",2020-01-22,British Columbia,Canada
Ministry of Transportation and Infrastructure,Ministry of Transportation and Infrastructure,"Indigenous Relations Project Advisor, for PBR",PBR IDG 2020 10,RFP,2019-11-08,1,2019-11-13,Jemma Scoble & Associates Consulting Inc,Burnaby,"$814,950.00",2020-01-23,British Columbia,Canada
"Ministry of Forests, Lands, Natural Resource Operations and R.D.","Ministry of Forests, Lands, Natural Resource Operations and R.D.",Winter Road Maintenance 0-18.5km & 20.5-88.3km on the Finlay FSR,11250-85/EN20DMK015,ITT,2020-01-07,0,2020-01-22,N/A,,$0.00,2020-01-23,,
"Ministry of Forests, Lands, Natural Resource Operations and R.D.","Ministry of Forests, Lands, Natural Resource Operations and R.D.",Winter Road Maintenance 0-18.5km & 20.5-88.3km on the Finlay FSR,11250-85/EN20DMK015,ITT,2020-01-07,0,2020-01-22,N/A,,$0.00,2020-01-23,,
Procurement Services Branch,"Ministry of Forests, Lands, Natural Resource Operations and R.D.","FLEET UPFITTING (NORTH AREA, BRITISH COLUMBIA)",ITQ-006086,Itq,2020-01-08,1,2020-01-17,Interior Offroad Equipment Ltd,Prince George,"$52,200.19",2020-01-23,British Columbia,Canada
Procurement Services Branch,"Ministry of Forests, Lands, Natural Resource Operations and R.D.","SOUTH AREA FLEET UPFITTING (South Region, BC)",ITQ-006088,Itq,2020-01-08,0,2020-01-17,Interior Offroad Equipment Ltd,Prince George,"$77,623.91",2020-01-23,British Columbia,Canada
Procurement Services Branch,"Ministry of Forests, Lands, Natural Resource Operations and R.D.","FLEET UPFITTING (COAST AREA, BC)",ITQ-006089,Itq,2020-01-08,0,2020-01-17,Interior Offroad Equipment Ltd,Prince George,"$54,887.98",2020-01-23,British Columbia,Canada
"Ministry of Forests, Lands, Natural Resource Operations and R.D.","Ministry of Forests, Lands, Natural Resource Operations and R.D.",Provincial Management Planning Pilot on Two Conservation Lands ,GS20CBE149,RFP,2020-01-10,2,2020-01-14,Woodland Native Plant Nursery,Salt Spring Island,"$50,000.00",2020-01-23,British Columbia,Canada
Ministry of Transportation and Infrastructure - Construction,Ministry of Transportation and Infrastructure - Construction,Asphalt Resurfacing Hwy 5 - McLure Ferry Rd to Louis CK Bridge,25083MJ0000,MOTITT,2020-01-14,1,2020-01-21,Dawson Construction Limited,Kamloops,"$3,258,986.42",2020-01-23,British Columbia,Canada
Ministry of Transportation and Infrastructure - Construction,Ministry of Transportation and Infrastructure - Construction,Asphalt Surfacing 2020/21 Dawson Creek Area (84.3 Lane Km),37724MJ0000,MOTITT,2020-01-15,1,2020-01-21,Peter’s Bros. Construction Ltd.,Penticton,"$6,814,100.00",2020-01-23,British Columbia,Canada
Ministry of Finance,Ministry of Finance,Request for Proposal - Loss Control Services,10799,RFP,2019-10-04,4,2019-10-15,Opta Precise Services LLP,Burnaby,"$1,300,000.00",2020-01-24,British Columbia,Canada
Ministry of Transportation and Infrastructure,Ministry of Transportation and Infrastructure,"Safety Advisory Services, Pattullo Bridge Replacement Project",PBR OHS 2020 07,RFP,2019-11-12,2,2019-11-28,Rhéal Hubert Joseph Cormier,Campbell River,"$306,250.00",2020-01-24,British Columbia,Canada
Procurement Services Branch,"Ministry of Forests, Lands, Natural Resource Operations and R.D.","Emergency Transport Insert (Smithers, BC)",ITQ-006062,Itq,2019-12-13,0,2019-12-23,Nor-Mar Industries Ltd.,Penticton,"$21,105.80",2020-01-24,British Columbia,Canada
Ministry of Citizens' Services,Ministry of Citizens' Services,Prime Consulting Services- 1810 Blanshard St Victoria BC,ON-003441,RFP,2019-12-19,1,2020-01-10,Kasian Architecture Interior Design and Planning Ltd,Victoria,"$270,035.00",2020-01-24,British Columbia,Canada
Ministry of Transportation and Infrastructure - Construction,Ministry of Transportation and Infrastructure - Construction,"Construction of single span, pre-stressed concrete bridge",24727MJ0001,MOTITT,2019-12-23,0,2020-01-22,Surespan Construction Ltd.,North Vancouver,"$966,134.24",2020-01-24,British Columbia,Canada
Ministry of Transportation and Infrastructure - Construction,Ministry of Transportation and Infrastructure - Construction,"Construction of single span, pre-stressed concrete bridge",24727MJ0001,MOTITT,2019-12-23,0,2020-01-22,Surespan Construction Ltd.,North Vancouver,"$966,134.24",2020-01-24,British Columbia,Canada
"Ministry of Forests, Lands, Natural Resource Operations and R.D.","Ministry of Forests, Lands, Natural Resource Operations and R.D.",PL21DFN001 – FORT NELSON – LBI-FFT- PLANTING,PL21DFN001,ITT,2019-08-12,0,2019-09-16,Summit Reforestation and Forest Management Ltd.,Smithers,"$687,988.22",2020-01-27,British Columbia,Canada
Ministry of Health,Ministry of Health,Communication and Emergency Response Resource Evaluation,RFPHL276,RFP,2019-11-14,1,2019-11-29,WSP Canada Group Ltd.,North Vancouver,"$243,695.00",2020-01-27,British Columbia,Canada
Ministry of Health,Ministry of Health,Traditional Foods Study,RFPHL281,RFP,2019-12-13,0,2020-01-15,Queenswood Consulting,Victoria,"$74,650.00",2020-01-27,British Columbia,Canada
Ministry of Finance,Ministry of Finance,Request for Proposal - Loss Control Services,10799,RFP,2019-10-04,4,2019-10-15,Opta Precise Services LP,Burnaby,"$1,950,000.00",2020-01-28,British Columbia,Canada
"Ministry of Forests, Lands, Natural Resource Operations and R.D.","Ministry of Forests, Lands, Natural Resource Operations and R.D.",Milburn Mountain Fuel Management,OP20DQU001,ITT,2019-12-20,0,2020-01-15,Nazko Economic Development Corp.,Victoria,"$56,900.00",2020-01-28,British Columbia,Canada
"Ministry of Forests, Lands, Natural Resource Operations and R.D.","Ministry of Forests, Lands, Natural Resource Operations and R.D.",MARSH ROAD FUEL TREATMENT MITIGATION,OP20DQU002,ITT,2019-12-23,0,2020-01-16,Nazko Economic Development Corp.,Victoria,"$81,747.84",2020-01-28,British Columbia,Canada
"Ministry of Forests, Lands, Natural Resource Operations and R.D.","Ministry of Forests, Lands, Natural Resource Operations and R.D.",Supply & Install Signs in the Mackenzie Forest District,10005-40/EN20DMK012,ITT,2020-01-08,0,2020-01-22,N/A,,$0.00,2020-01-28,,
Procurement Services Branch,"Ministry of Forests, Lands, Natural Resource Operations and R.D.",ATV (WILLIAMS LAKE),ITQ-006085,Itq,2020-01-08,1,2020-01-13,Spectra Power Sports Ltd,Williams Lake,"$9,204.16",2020-01-28,British Columbia,Canada
Procurement Services Branch,Ministry of Citizens' Services,Supply and Delivery of Network Equipment (Victoria),ITQ-006094,Itq,2020-01-13,0,2020-01-22,Telus Communications Inc.,Victoria,"$121,828.17",2020-01-28,British Columbia,Canada
Procurement Services Branch,Ministry of Citizens' Services,Cisco Network Equipment (Victoria),ITQ-006095,Itq,2020-01-15,0,2020-01-24,Charter Telecom Inc.,Victoria,"$294,381.74",2020-01-28,British Columbia,Canada
"Ministry of Forests, Lands, Natural Resource Operations and R.D.","Ministry of Forests, Lands, Natural Resource Operations and R.D.",Landsat8 Processing 2019,1070-30/OT20FHQ280,ITT,2019-11-29,0,2019-12-17,Pacific Geomatics Ltd.,Cowichan Bay,"$10,500.00",2020-01-29,British Columbia,Canada
"Ministry of Forests, Lands, Natural Resource Operations and R.D.","Ministry of Forests, Lands, Natural Resource Operations and R.D.",Operational Restoration Framework Document Amendments,11073,ITQ,2020-01-06,0,2020-01-23,N/A,,$0.00,2020-01-29,,
"Ministry of Forests, Lands, Natural Resource Operations and R.D.","Ministry of Forests, Lands, Natural Resource Operations and R.D.",Prescribed Fire Policy Gap Analysis,1070-30/CS20FHQ284SF,SRFP,2020-01-13,3,2020-01-15,B.A. Blackwell & Associates Ltd.,North Vancouver,"$45,000.00",2020-01-29,British Columbia,Canada
Procurement Services Branch,Ministry of Environment and Climate Change Strategy,Supply & Delivery of Used One Trip Containers (Valemount & Yahk),ITQ-006098,Itq,2020-01-22,1,2020-01-24,Coast Storage and Containers Ltd.,New Westminster,"$11,200.00",2020-01-29,British Columbia,Canada
"Ministry of Forests, Lands, Natural Resource Operations and R.D.","Ministry of Forests, Lands, Natural Resource Operations and R.D.",Winter Road Maintenance from 0 km to 31.5 km on the Manson FSR,11250-85/EN20DMK013,ITT,2020-01-07,0,2020-01-22,Lepka Holdings Ltd.,Fort St James,"$26,334.00",2020-01-30,British Columbia,Canada
"Ministry of Forests, Lands, Natural Resource Operations and R.D.","Ministry of Forests, Lands, Natural Resource Operations and R.D.",Winter Road Maintenance 88.3 km to 173.4 km on the Finlay FSR,11250-85/EN20DMK014,ITT,2020-01-07,0,2020-01-22,Lepka Holdings Ltd.,Fort St James,"$54,115.00",2020-01-30,British Columbia,Canada
Procurement Services Branch,Ministry of Attorney General,Duty and Practice Ammunition (various locations),ITQ-006077R,Itq,2020-01-10,0,2020-01-17,Lloyd Libke Law Enforcement Sales Inc.,Toronto,"$38,456.25",2020-01-30,Ontario,Canada
Procurement Services Branch,"Ministry of Forests, Lands, Natural Resource Operations and R.D.",Aluminum Tree Tags (Victoria),ITQ-006063,Itq,2020-01-14,9,2020-01-16,PGSG Hercules Inc.,Denver,"$29,600.00",2020-01-30,Colorado,United States
Ministry of Citizens' Services,Ministry of Citizens' Services,Demolition Services- Sooke BC,ON-003438,ITT,2020-01-15,4,2020-01-21,Tri-X Excavating Ltd,Victoria,"$33,333.33",2020-01-30,British Columbia,Canada
"Ministry of Forests, Lands, Natural Resource Operations and R.D.","Ministry of Forests, Lands, Natural Resource Operations and R.D.",OP20DMH041 Deka Lake Wildfire Interface Fuel Break Treatment,OP20DMH041,ITT,2020-01-21,0,2020-01-28,N/A,,$0.00,2020-01-30,,
Procurement Services Branch,Ministry of Public Safety and Solicitor General,Commercial Gym Equipment,ITQ-006106,Itq,2020-01-24,3,2020-01-28,Metagenics Fitness Inc.,West Vancouver,"$83,127.52",2020-01-30,British Columbia,Canada
Ministry of Citizens' Services,Ministry of Citizens' Services,Data Extraction Software for ITSM Product ServiceNow ,ON-003435,ITQ,2019-12-03,0,2019-12-12,GuideVision UK Ltd.,London,"$66,070.00",2020-01-31,,England
Ministry of Environment and Climate Change Strategy,Ministry of Environment and Climate Change Strategy,Wood Products Sector Benchmarking Study,RFPGS20JHQ192,SRFP,2019-12-30,2,2020-01-08,"National Council for Air and Stream Improvement, Inc",Montreal,"$92,000.00",2020-01-31,Quebec,Canada
Procurement Services Branch,Ministry of Transportation and Infrastructure,Supply & Delivery of Concrete Barriers (Mill Bay),ITQ-006099,Itq,2020-01-16,2,2020-01-24,Surespan Structures Ltd.,Duncan,"$1,722,596.69",2020-01-31,British Columbia,Canada
"Ministry of Forests, Lands, Natural Resource Operations and R.D.","Ministry of Forests, Lands, Natural Resource Operations and R.D.",Mount Pope Fuel Abatement Project,FS20DSN052,ITT,2020-01-16,1,2020-01-21,Seneca Enterprises Ltd.,Prince George,"$156,780.00",2020-01-31,British Columbia,Canada
"Ministry of Forests, Lands, Natural Resource Operations and R.D.","Ministry of Forests, Lands, Natural Resource Operations and R.D.",South Taylor 19.3 km Bridge Installation ,EN20NAN606,ITT,2020-01-20,0,2020-01-31,ROC-STAR Enterprises Ltd.,Port Alberni,"$148,400.66",2020-01-31,British Columbia,Canada
Ministry of Transportation and Infrastructure - Construction,Ministry of Transportation and Infrastructure - Construction,HIPR Hwy 93/95 Windermere to Radium Hwy 95 and Hwy 1 Golden Area,25096MJ0000,MOTITT,2020-01-21,2,2020-01-29,ARC Asphalt Recycling Inc.,Kamloops,"$2,813,225.00",2020-01-31,British Columbia,Canada
Ministry of Children and Family Development,Ministry of Children and Family Development,Supoervised Access for the South Okanagan,DMA191118,SRFP,2019-11-18,0,2019-12-16,ARC Programs Ltd.,Kelowna,"$120,000.00",2020-02-01,British Columbia,Canada
Ministry of Transportation and Infrastructure,Ministry of Transportation and Infrastructure,Building Operator Services,RFP-TMC-2019012,RFP,2019-11-21,0,2019-12-16,Ultra-Tech Cleaning Systems Ltd.,Vancouver,"$86,000.00",2020-02-01,British Columbia,Canada
Ministry of Municipal Affairs and Housing,Ministry of Municipal Affairs and Housing,Seismic Retrofit Guideline Expansion Project,SRFP20-MAH-007,SRFP,2019-11-28,0,2020-01-02,Engineers and Geoscientists British Columbia,Burnaby,"$250,000.00",2020-02-01,British Columbia,Canada
"Ministry of Forests, Lands, Natural Resource Operations and R.D.","Ministry of Forests, Lands, Natural Resource Operations and R.D.",Regional Operations-Economic Impact & Cost-Benefit Analysis,ROEICBA001,SRFP,2019-12-10,2,2019-12-20,Winchelsea Forest Services Inc,Nanaimo,"$40,000.00",2020-02-01,British Columbia,Canada
Ministry of Municipal Affairs and Housing,Ministry of Municipal Affairs and Housing,Guidelines for Occupancy Archetypes and Step Code Compliance ,SRFP20MAH008,SRFP,2019-12-19,1,2020-01-10,Focal Engineering Inc,Victoria,"$29,000.00",2020-02-01,British Columbia,Canada
"Ministry of Forests, Lands, Natural Resource Operations and R.D.","Ministry of Forests, Lands, Natural Resource Operations and R.D.","Fall & Burn of Mountain Pine Beetle -Morrison, Fulton, Granisle",FH20DND013,ITT,2020-01-27,1,2020-01-30,Specialized Forest Management,Dunster,"$100,000.00",2020-02-01,British Columbia,Canada
"Ministry of Forests, Lands, Natural Resource Operations and R.D.","Ministry of Forests, Lands, Natural Resource Operations and R.D.",Review of Performance under Operating Agreement: LTSA/Province,CS20HL603,SRFP,2019-12-13,1,2020-01-08,Grant Thornton LLP,Vancouver,"$56,200.00",2020-02-03,British Columbia,Canada
Procurement Services Branch,Ministry of Transportation and Infrastructure,"Supply, Deliver and Install: Plotter/Scanner (Kamloops)",ITQ-006082,Itq,2020-01-06,2,2020-01-21,CanCadd Imaging Solutions Ltd.,Kelowna,"$18,200.00",2020-02-03,British Columbia,Canada
"Ministry of Forests, Lands, Natural Resource Operations and R.D.","Ministry of Forests, Lands, Natural Resource Operations and R.D.",Invitation to Tender for Decked Wood Sale FLTC A97251,A97251 FLTC,ITT,2020-01-08,1,2020-01-23,Travis Jon Sarver,100 Mile House,$2.77,2020-02-03,British Columbia,Canada
"Ministry of Forests, Lands, Natural Resource Operations and R.D.","Ministry of Forests, Lands, Natural Resource Operations and R.D.",Invitation to Tender for Decked Wood Sale FLTC A97252,A97252 FLTC,ITT,2020-01-08,0,2020-01-23,Travis Jon Sarver,100 Mile House,$0.10,2020-02-03,British Columbia,Canada
Ministry of Agriculture,Ministry of Agriculture,NOI - Buy BC: EAT DRINK LOCAL,11120,DirectAward,2020-01-22,0,2020-02-01,British Columbia Restaurant & Foodservice Association,Vancouver,"$156,854.00",2020-02-03,British Columbia,Canada
Ministry of Environment and Climate Change Strategy,Ministry of Environment and Climate Change Strategy,Community Investment Readiness,RFP-IS20IIT026,RFP,2019-11-22,2,2019-11-26,N/A,,$0.00,2020-02-04,,
"Ministry of Energy, Mines, and Petroleum Resources","Ministry of Energy, Mines, and Petroleum Resources",Cost Assessment for Levee Upgrades along the Lower Columbia Rive,GS20MAN0075,RFP,2019-12-03,0,2019-12-23,N/A,,$0.00,2020-02-04,,
"Ministry of Energy, Mines, and Petroleum Resources","Ministry of Energy, Mines, and Petroleum Resources",Cost Assessment for Levee Upgrades along the Lower Columbia Rive,GS20MAN0075,RFP,2019-12-03,0,2019-12-23,N/A,,$0.00,2020-02-04,,
"Ministry of Forests, Lands, Natural Resource Operations and R.D.","Ministry of Forests, Lands, Natural Resource Operations and R.D.",Mount Pope Fuel Abatement Project,FS20DSN053,ITT,2020-01-16,1,2020-01-21,Seneca Enterprises Ltd.,Prince George,"$296,940.00",2020-02-04,British Columbia,Canada
Ministry of Transportation and Infrastructure,Ministry of Transportation and Infrastructure,"Construction Lead, Major Capital Projects",TIC CLO 2020 02,RFP,2019-11-29,0,2019-12-20,Charter Project Delivery Inc.,Port Moody,"$1,760,000.00",2020-02-05,British Columbia,Canada
"Ministry of Energy, Mines, and Petroleum Resources","Ministry of Energy, Mines, and Petroleum Resources",Request for Proposals - ARC Program Phase II,EMPRGEARC201901,RFP,2020-01-16,1,2020-01-31,MNP LLP,Vancouver,"$5,000,000.00",2020-02-05,British Columbia,Canada
"Ministry of Forests, Lands, Natural Resource Operations and R.D.","Ministry of Forests, Lands, Natural Resource Operations and R.D.",Jones Lake FSR Stucture Replacements,EN20LMN316,ITT,2020-01-29,4,2020-02-04,Iota Construction Ltd.,Chilliwack,"$164,859.00",2020-02-05,British Columbia,Canada
"Ministry of Forests, Lands, Natural Resource Operations and R.D.","Ministry of Forests, Lands, Natural Resource Operations and R.D.",Technical Review of Caribou Mat Penning Projects,GS20NLE169/1070-20,ITQ,2020-01-24,1,2020-02-03,Synergy Applied Ecology,Mackenzie,"$10,400.00",2020-02-06,British Columbia,Canada
"Ministry of Forests, Lands, Natural Resource Operations and R.D.","Ministry of Forests, Lands, Natural Resource Operations and R.D.",Old Growth Forest Report Suppt for Cumulative Effects Framework,1070-30/OT20FHQ299,SRFP,2020-01-14,1,2020-01-17,Forsite Consultants Ltd.,Victoria,"$25,000.00",2020-02-07,British Columbia,Canada
Procurement Services Branch,Ministry of Environment and Climate Change Strategy,"Parks Fleet Upfit (Various, British Columbia)",ITQ-006079,Itq,2020-01-24,4,2020-01-29,Interior Offroad Equipment Ltd,Prince George,"$26,057.78",2020-02-07,British Columbia,Canada
Procurement Services Branch,Ministry of Agriculture,"40"" Wide Upright ULT Freezer (Abbotsford)",ITQ-006112,Itq,2020-01-29,2,2020-02-03,Thermo Fisher Scientific (Mississauga) Inc.,Nepean,"$15,116.64",2020-02-07,Ontario,Canada
"Ministry of Forests, Lands, Natural Resource Operations and R.D.","Ministry of Forests, Lands, Natural Resource Operations and R.D.",OP20DMH-041 Deka Lake Wildfire Interface Fuel Break Treatment,OP20DMH-041,ITT,2020-02-03,1,2020-02-04,Integrated Operations Group Inc,Campbell River,"$249,367.97",2020-02-07,British Columbia,Canada
"Ministry of Forests, Lands, Natural Resource Operations and R.D.","Ministry of Forests, Lands, Natural Resource Operations and R.D.",Training and Data Collection for Riparian/Stream Evaluations,1070-30/OT20FHQ287,RQU,2020-01-07,2,2020-01-30,"Barry Elliott, RPF",Burns Lake,$0.00,2020-02-10,British Columbia,Canada
"Ministry of Forests, Lands, Natural Resource Operations and R.D.","Ministry of Forests, Lands, Natural Resource Operations and R.D.",Training and Data Collection for Riparian/Stream Evaluations,1070-30/OT20FHQ287,RQU,2020-01-07,2,2020-01-30,Thomi Forestry,Mackenzie,$0.00,2020-02-10,British Columbia,Canada
"Ministry of Forests, Lands, Natural Resource Operations and R.D.","Ministry of Forests, Lands, Natural Resource Operations and R.D.",Training and Data Collection for Riparian/Stream Evaluations,1070-30/OT20FHQ287,RQU,2020-01-07,2,2020-01-30,Chartwell Consultants Ltd,North Vancouver,$0.00,2020-02-10,British Columbia,Canada
"Ministry of Forests, Lands, Natural Resource Operations and R.D.","Ministry of Forests, Lands, Natural Resource Operations and R.D.",Training and Data Collection for Riparian/Stream Evaluations,1070-30/OT20FHQ287,RQU,2020-01-07,2,2020-01-30,Integra Forest Consulting Ltd,Sooke,$0.00,2020-02-10,British Columbia,Canada
"Ministry of Forests, Lands, Natural Resource Operations and R.D.","Ministry of Forests, Lands, Natural Resource Operations and R.D.",Training and Data Collection for Riparian/Stream Evaluations,1070-30/OT20FHQ287,RQU,2020-01-07,2,2020-01-30,FINS Consulting Ltd,Victoria,$0.00,2020-02-10,British Columbia,Canada
Procurement Services Branch,"Ministry of Forests, Lands, Natural Resource Operations and R.D.",Request for Standing Offer for Bob Dale Gloves,ITQ-006104,Itq,2020-01-17,0,2020-01-27,Acklands-Grainger Inc,Burnaby,$0.00,2020-02-10,British Columbia,Canada
Procurement Services Branch,Ministry of Agriculture,Upright ULT Freezer (Abbotsford),ITQ-006114,Itq,2020-01-27,0,2020-02-05,VWR International Co.,Mississauga,"$16,674.86",2020-02-10,Ontario,Canada
Procurement Services Branch,"Ministry of Forests, Lands, Natural Resource Operations and R.D.",12M All-Steel Portable Bridge (Williams Lake),ITQ-006101,Itq,2020-01-28,1,2020-01-30,Rapid-Span Structures Ltd,Armstrong,"$76,160.00",2020-02-10,British Columbia,Canada
Procurement Services Branch,Ministry of Attorney General,Avteq AV Carts (Various Locations),ITQ-006116,Itq,2020-01-28,0,2020-02-06,Visions Electronics Limited Partnership,Pitt Meadows,"$35,349.42",2020-02-10,British Columbia,Canada
Procurement Services Branch,"Ministry of Forests, Lands, Natural Resource Operations and R.D.",Two Steel Portable Bridges (Campbell River),ITQ-006118,Itq,2020-01-29,0,2020-02-06,Surespan Structures Ltd.,Duncan,"$166,600.00",2020-02-10,British Columbia,Canada
Procurement Services Branch,Ministry of Citizens' Services,ShareGate Desktop 5 User License (Victoria),ITQ-006117,Itq,2020-01-30,1,2020-02-06,Synergy IT Solutions Inc.,Mississauga,"$10,004.43",2020-02-10,Ontario,Canada
Ministry of Transportation and Infrastructure,Ministry of Transportation and Infrastructure,Notice of Intent,PBR NOI 2020 03,NOI,2019-08-29,1,2019-09-06,Archer CRM Partnership,Burnaby,"$3,688,530.00",2020-02-11,British Columbia,Canada
"Ministry of Forests, Lands, Natural Resource Operations and R.D.","Ministry of Forests, Lands, Natural Resource Operations and R.D.",Local Fuel Hazard Assessment Guide,SFRP123,SRFP,2019-11-22,0,2019-12-06,FRONTLINE OPERATIONS GROUP LTD.,Coldstream,"$60,000.00",2020-02-11,British Columbia,Canada
Procurement Services Branch,Ministry of Transportation and Infrastructure,Request for Standing Offer for Traffic Controller Cabinet,ITQ-006075,Itq,2019-12-19,0,2020-01-31,Econolite Canada Inc,Richmond,$0.00,2020-02-11,British Columbia,Canada
Ministry of Transportation and Infrastructure - Construction,Ministry of Transportation and Infrastructure - Construction,"Hot-In-Place Road Resurfacing on Highway 19, 14, and 1",16867MJ2020,MOTITT,2020-01-20,1,2020-02-04,Peter’s Bros. Construction Ltd.,Penticton,"$8,153,211.00",2020-02-11,British Columbia,Canada
"Ministry of Forests, Lands, Natural Resource Operations and R.D.","Ministry of Forests, Lands, Natural Resource Operations and R.D.",Carrier FSR Rip Rap Development,EN20PGN318,ITT,2020-01-22,2,2020-02-04,Blastpro Construction Ltd.,Houston,"$77,250.00",2020-02-11,British Columbia,Canada
Procurement Services Branch,Ministry of Attorney General,Cisco Courtroom Equipment (Vancouver),ITQ-006115,Itq,2020-01-28,0,2020-02-06,Charter Telecom Inc.,Victoria,"$566,966.40",2020-02-11,British Columbia,Canada
"Ministry of Forests, Lands, Natural Resource Operations and R.D.","Ministry of Forests, Lands, Natural Resource Operations and R.D.",Lytton Fire Base – HVAC System installation,CP20WHQ0128,ITT,2020-02-07,4,2020-02-10,N/A,,$0.00,2020-02-11,,
"Ministry of Forests, Lands, Natural Resource Operations and R.D.","Ministry of Forests, Lands, Natural Resource Operations and R.D.",Lytton Fire Base – HVAC System installation,CP20WHQ0128,ITT,2020-02-07,4,2020-02-10,N/A,,$0.00,2020-02-11,,
Ministry of Environment and Climate Change Strategy,Ministry of Environment and Climate Change Strategy,Tyhee Lake Park Electrification and Civil Upgrades ,CP21SME001,ITT,2020-01-10,2,2020-01-15,Specialized Earthworks Ltd.,Smithers,"$449,443.73",2020-02-12,British Columbia,Canada
"Ministry of Forests, Lands, Natural Resource Operations and R.D.","Ministry of Forests, Lands, Natural Resource Operations and R.D.",PA(20)DCS-001 - DUFFY LAKE ROAD RECREATION SITE MGMT (Lillooet),PA(20)DCS-001,RFP,2020-01-15,0,2020-02-12,Leanne Emery,Armstrong,$1.00,2020-02-12,British Columbia,Canada
"Ministry of Forests, Lands, Natural Resource Operations and R.D.","Ministry of Forests, Lands, Natural Resource Operations and R.D.",Planting and Danger Tree Assessments/Falling,PL20LMN007,ITT,2020-01-16,1,2020-01-21,Fieldstone Resources Ltd.,Vancouver,"$286,684.60",2020-02-13,British Columbia,Canada
"Ministry of Forests, Lands, Natural Resource Operations and R.D.","Ministry of Forests, Lands, Natural Resource Operations and R.D.",Lytton Fire Base – Electrical System installation,CP20WHQ0129,ITT,2020-02-07,3,2020-02-10,N/A,,$0.00,2020-02-13,,
Ministry of Municipal Affairs and Housing,Ministry of Municipal Affairs and Housing,Landscape Architect Consulting Services for UEL,RFP20-UEL-004,RFP,2019-12-23,2,2020-01-09,Hapa Collaborative,Vancouver,"$50,000.00",2020-02-14,British Columbia,Canada
Ministry of Municipal Affairs and Housing,Ministry of Municipal Affairs and Housing,Planning Consulting Services for University Endowment Lands,RFP20-UEL-003,RFP,2020-01-06,3,2020-01-09,Urban Systems Ltd.,Vancouver,"$100,000.00",2020-02-14,British Columbia,Canada
"Ministry of Forests, Lands, Natural Resource Operations and R.D.","Ministry of Forests, Lands, Natural Resource Operations and R.D.",Caribou Conservation Centre Phase 1 Design,11082,ITQ,2020-01-21,2,2020-01-23,"Zoo Design, Inc.",Mountlake Terrace,"$46,000.00",2020-02-14,Washington,United States
"Ministry of Forests, Lands, Natural Resource Operations and R.D.","Ministry of Forests, Lands, Natural Resource Operations and R.D.",OP20DMH042 Higgins Lake Wildfire Interface Fuel Break Treatment ,OP20DMH042,ITT,2020-02-03,0,2020-02-11,Spectrum Resource Group Inc.,Prince George,"$79,436.50",2020-02-14,British Columbia,Canada
"Ministry of Forests, Lands, Natural Resource Operations and R.D.","Ministry of Forests, Lands, Natural Resource Operations and R.D.",OP20DMH040 Deka Lake Wildfire Interface Fuel Break Treatment and,OP20DMH040,ITT,2020-02-04,1,2020-02-11,Spectrum Resource Group Inc.,Prince George,"$59,407.50",2020-02-14,British Columbia,Canada
"Ministry of Energy, Mines, and Petroleum Resources","Ministry of Energy, Mines, and Petroleum Resources",Go Electric Fleets Program,EMPRGEFLEETSRFP20190,RFP,2020-02-05,3,2020-02-10,Fraser Basin Council Society,Vancouver,"$5,700,000.00",2020-02-14,British Columbia,Canada
Ministry of Transportation and Infrastructure,Ministry of Transportation and Infrastructure,"Archaeological Services, Kicking Horse Canyon Project - Phase 4",KHCP4 ARC 2020 01,RFP,2019-12-23,3,2020-01-03,Stantec Consulting Ltd.,Sidney,"$5,000,000.00",2020-02-17,British Columbia,Canada
Ministry of Environment and Climate Change Strategy,Ministry of Environment and Climate Change Strategy,Tweedsmuir Park South - Operations Service Building Construction,ECCS-KAE066,ITT,2020-02-01,4,2020-02-07,Zirnhelt Timber Frames Ltd.,150 Mile House,"$1,560,510.18",2020-02-17,British Columbia,Canada
Ministry of Environment and Climate Change Strategy,Ministry of Environment and Climate Change Strategy,Tweedsmuir Park South - Operations Service Building Construction,ECCS-KAE066,ITT,2020-02-01,4,2020-02-07,Zirnhelt Timber Frames Ltd,150 Mile House,"$1,560,510.00",2020-02-17,British Columbia,Canada
Ministry of Transportation and Infrastructure - Construction,Ministry of Transportation and Infrastructure - Construction,GAS H16 Wakefield Rd to 6 Mile Hill and Smithers Sideroads,37727MJ0000,MOTITT,2020-01-23,0,2020-02-13,White Bear Industries Ltd.,Terrace,"$3,180,615.00",2020-02-18,British Columbia,Canada
Ministry of Transportation and Infrastructure - Construction,Ministry of Transportation and Infrastructure - Construction,GAS H16 Wakefield Rd to 6 Mile Hill and Smithers Sideroads,37727MJ0000,MOTITT,2020-01-23,0,2020-02-13,White Bear Industries Ltd.,Terrace,"$3,180,615.00",2020-02-18,British Columbia,Canada
"Ministry of Forests, Lands, Natural Resource Operations and R.D.","Ministry of Forests, Lands, Natural Resource Operations and R.D.",Notice of Intent to Direct Award to Nanwakolas Council,RE20NAN420,NOI,2020-01-27,0,2020-02-03,Nanwakolas Council,Campbell River,"$52,000.00",2020-02-18,British Columbia,Canada
Ministry of Transportation and Infrastructure,Ministry of Transportation and Infrastructure,"Art Intergration Advisor, Broadway Subway Project",BSP ART 2020 01,RFP,2019-12-06,4,2019-12-10,FSOARK Architect Inc.,Vancouver,"$311,025.00",2020-02-19,British Columbia,Canada
Ministry of Transportation and Infrastructure - Construction,Ministry of Transportation and Infrastructure - Construction,"ROCK SLOPE STABLILIZATION, ODLUM BLUFFS, ZONE 6 MESH",86002MN4540,MOTITT,2020-02-05,1,2020-02-13,Dynamite Construction Ltd.,Kamloops,"$154,409.00",2020-02-19,British Columbia,Canada
Ministry of Transportation and Infrastructure,Ministry of Transportation and Infrastructure,Hwy 17 Keating Cross Rd Flyover Interchange,16756-1,RFP,2019-12-13,4,2019-12-20,R.F. Binnie & Associates Ltd.,Burnaby,"$4,000,000.00",2020-02-20,British Columbia,Canada
Ministry of Transportation and Infrastructure - Construction,Ministry of Transportation and Infrastructure - Construction,Fence Fabrication and Installation - Ladner Creek Trestle,04519MN0002,MOTITT,2020-01-16,1,2020-01-29,Luxton Construction Inc.,Vancouver,"$83,100.00",2020-02-20,British Columbia,Canada
Ministry of Transportation and Infrastructure - Construction,Ministry of Transportation and Infrastructure - Construction,Asphalt Surfacing Hwy 97A Enderby to Grindrod,25097MJ0000,MOTITT,2020-01-31,3,2020-02-11,Okanagan Aggregates Ltd.,Armstrong,"$6,224,100.00",2020-02-20,British Columbia,Canada
Ministry of Transportation and Infrastructure - Construction,Ministry of Transportation and Infrastructure - Construction,"GMT Lighting, Safety Systems & Portal Sub-drainage Improvements",12877MJ0003,MOTITT,2020-02-04,8,2020-02-12,Black & McDonald Limited,Vancouver,"$19,129,271.80",2020-02-20,British Columbia,Canada
Procurement Services Branch,"Ministry of Forests, Lands, Natural Resource Operations and R.D.",Supply and Delivery of Antennas (Kamloops),ITQ-006135,Itq,2020-02-10,0,2020-02-18,Walco Radio & Electronics Ltd.,Kamloops,"$24,528.00",2020-02-20,British Columbia,Canada
Ministry of Transportation and Infrastructure,Ministry of Transportation and Infrastructure,"Environmental Management Services, PBR Project",PBR ENV 2020 12,RFP,2020-01-13,5,2020-01-17,Tetra Tech Canada Inc,Vancouver,"$1,590,855.00",2020-02-21,British Columbia,Canada
Procurement Services Branch,"Ministry of Forests, Lands, Natural Resource Operations and R.D.",Request for Standing Offer for Duracell Batteries,ITQ-006124,Itq,2020-01-31,0,2020-02-11,Inter Trade Canada LTD.,Surrey,$0.00,2020-02-21,British Columbia,Canada
Ministry of Transportation and Infrastructure - Construction,Ministry of Transportation and Infrastructure - Construction,Asphalt surfacing Highway 95A Cranbrook to Marysville,25091MJ0000,MOTITT,2020-02-05,1,2020-02-19,Okanagan Aggregates Ltd.,Armstrong,"$6,259,230.00",2020-02-21,British Columbia,Canada
Ministry of Attorney General,Ministry of Attorney General,Notice of Intent to contract with Mediate BC Society (MBC) ,MBC 02-2020,NOI,2020-02-07,0,2020-02-21,Mediate BC Society,Victoria,"$104,000.00",2020-02-21,British Columbia,Canada
Procurement Services Branch,Ministry of Environment and Climate Change Strategy,Supply & Delivery of Picnic Tables (Summerland),ITQ-006131,Itq,2020-02-11,2,2020-02-13,TXN Installations Ltd.,Invermere,"$77,249.76",2020-02-21,British Columbia,Canada
Procurement Services Branch,"Ministry of Forests, Lands, Natural Resource Operations and R.D.",Communications System Analyzer (Victoria),ITQ-006137,Itq,2020-02-11,0,2020-02-19,"Navair Technologies, Inc",Mississauga,"$108,464.16",2020-02-21,Ontario,Canada
Ministry of Transportation and Infrastructure,Ministry of Transportation and Infrastructure,"Quantity Surveyor, Major Capital Projects",TIC QSS 2020 01,RFP,2019-12-04,1,2019-12-20,Anthony Steadman and Associates Inc.,Victoria,"$1,407,680.00",2020-02-24,British Columbia,Canada
"Ministry of Forests, Lands, Natural Resource Operations and R.D.","Ministry of Forests, Lands, Natural Resource Operations and R.D.",Fuel Management Survey Standard,SRP122-1,SRFP,2019-12-11,0,2020-01-10,B.A. BLACKWELL & ASSOCIATES LTD.,Vancouver,"$60,000.00",2020-02-24,British Columbia,Canada
Procurement Services Branch,"Ministry of Forests, Lands, Natural Resource Operations and R.D.",Request for Standing Offer for Hard Hats & Accessories,ITQ-006123,Itq,2020-01-31,0,2020-02-11,Bunzl Canada Inc,Coquitlam,$0.00,2020-02-24,British Columbia,Canada
Procurement Services Branch,"Ministry of Forests, Lands, Natural Resource Operations and R.D.",Request for Standing Offer for Hard Hats & Accessories,ITQ-006123,Itq,2020-01-31,0,2020-02-11,HTT Safety 'N' More Inc.,Port Coquitlam,$0.00,2020-02-24,British Columbia,Canada
Procurement Services Branch,Ministry of Attorney General,Supply & Delivery of Ammunition (various locations),ITQ-006133,Itq,2020-02-10,1,2020-02-18,0734089 B.C. Ltd.,Fort St John,"$44,755.20",2020-02-24,British Columbia,Canada
Procurement Services Branch,Ministry of Transportation and Infrastructure,Ungulate Guard (Cranbrook),ITQ-006143,Itq,2020-02-11,0,2020-02-20,McGrath Contracting Ltd.,Campbell River,"$151,928.00",2020-02-24,British Columbia,Canada
Ministry of Transportation and Infrastructure - Construction,Ministry of Transportation and Infrastructure - Construction,Hot-In-Place Recycling H16 Nouch Rd to Ft Telkwa (47.9 Lane Km),37726MJ0000,MOTITT,2020-01-24,0,2020-02-20,Peter’s Bros. Construction Ltd.,Penticton,"$2,865,211.00",2020-02-25,British Columbia,Canada
Ministry of Transportation and Infrastructure - Construction,Ministry of Transportation and Infrastructure - Construction,Hot-In-Place Recycling H16 Nouch Rd to Ft Telkwa (47.9 Lane Km),37726MJ0000,MOTITT,2020-01-24,0,2020-02-20,Peter’s Bros. Construction Ltd.,Penticton,"$2,865,211.00",2020-02-25,British Columbia,Canada
Ministry of Environment and Climate Change Strategy,Ministry of Environment and Climate Change Strategy,Bear Creek Prov Park - Loop #3 Reconstruction,2929712,ITT,2020-01-29,0,2020-02-20,Sun-Oak Construction Ltd,Penticton,"$74,118.00",2020-02-25,British Columbia,Canada
Procurement Services Branch,Ministry of Environment and Climate Change Strategy,Beam Saddles (E.C. Manning Park),ITQ-006121,Itq,2020-02-04,1,2020-02-07,McGrath Contracting LTD,Campbell River,"$2,934.40",2020-02-25,British Columbia,Canada
Procurement Services Branch,Ministry of Environment and Climate Change Strategy,Precast Concrete Footings (E.C. Manning Park),ITQ-006120,Itq,2020-02-05,1,2020-02-07,First Peak Contracting Ltd.,Squamish,"$24,158.40",2020-02-25,British Columbia,Canada
Procurement Services Branch,"Ministry of Forests, Lands, Natural Resource Operations and R.D.",Request for Standing Offer for Amsoil Synthetic Oil,ITQ-006125,Itq,2020-02-05,1,2020-02-12,Amsoil Inc.,Superior,$0.00,2020-02-25,Wisconsin,United States
Procurement Services Branch,Ministry of Transportation and Infrastructure,6 Cattleguards (Fort St. John),ITQ-006136,Itq,2020-02-11,0,2020-02-19,Westower Communications Ltd.,Surrey,"$91,007.62",2020-02-25,British Columbia,Canada
Procurement Services Branch,Ministry of Public Safety and Solicitor General,Supply & Delivery of Nikon Microscope and accessories (Victoria),ITQ-006141,Itq,2020-02-12,0,2020-02-20,Nikon Canada Inc.,Mississauga,"$19,557.37",2020-02-25,Ontario,Canada
Procurement Services Branch,Ministry of Transportation and Infrastructure,Wooden Fence Posts (Cranbrook),ITQ-006147,Itq,2020-02-13,0,2020-02-21,Princeton Wood Preservers Ltd.,Princeton,"$129,920.00",2020-02-25,British Columbia,Canada
Procurement Services Branch,Ministry of Environment and Climate Change Strategy,"Tent Pads, Boardwalk, Pedestrian Bridge (E.C. Manning Park)",ITQ-006119,Itq,2020-02-13,3,2020-02-18,First Peak Contracting Ltd.,Squamish,"$37,628.64",2020-02-25,British Columbia,Canada
Procurement Services Branch,Ministry of Transportation and Infrastructure,"Supply and Deliver: Rockfall Attenuator System (Delta, BC)",ITQ-006142,Itq,2020-02-19,4,2020-02-21,Trumer Schutzbauten Canada Ltd,Vancouver,"$396,446.40",2020-02-25,British Columbia,Canada
"Ministry of Forests, Lands, Natural Resource Operations and R.D.","Ministry of Forests, Lands, Natural Resource Operations and R.D.",RFP - Maintenance of Whitetail Lake Recreation Site,PA20DRMN002,RFP,2020-02-27,0,2020-04-06,Bob and Barb Enterprises,Kimberley,$0.00,2020-02-25,British Columbia,Canada
Ministry of Environment and Climate Change Strategy,Ministry of Environment and Climate Change Strategy,"Taxonomic Analyses-Phytoplankton,Zooplankton,Periphyton",on-003440,RFP,2019-12-17,1,2020-01-24,RFP Cancelled,Victoria,$0.00,2020-02-26,British Columbia,Canada
Ministry of Environment and Climate Change Strategy,Ministry of Environment and Climate Change Strategy,Bishop Bay Dock Repairs,CP21SME002,RFP,2020-01-28,0,2020-02-19,Tadpole Towing Ltd.,Sointula,"$22,000.00",2020-02-26,British Columbia,Canada
Procurement Services Branch,"Ministry of Forests, Lands, Natural Resource Operations and R.D.",Supply and Delivery of Kitchen Equipment (Chilliwack),ITQ-006122,Itq,2020-01-31,0,2020-02-11,ABM Auctioneers Inc.,Vancouver,"$34,496.00",2020-02-26,British Columbia,Canada
Procurement Services Branch,Ministry of Transportation and Infrastructure,2 Traffic Video Cameras (Victoria),ITQ-006127,Itq,2020-02-03,0,2020-02-12,Miovision Technologies Inc.,Kitchener,"$13,662.88",2020-02-26,Ontario,Canada
"Ministry of Forests, Lands, Natural Resource Operations and R.D.","Ministry of Forests, Lands, Natural Resource Operations and R.D.",Cranbrook Zone Fire Base – Utility Service Upgrade,ITT20JHQ032 REVISION,ITT,2020-02-11,2,2020-02-19,KD Electric,Victoria,"$170,000.00",2020-02-26,British Columbia,Canada
Procurement Services Branch,Ministry of Environment and Climate Change Strategy,RE-QUOTE - 16' Lund Boat (Williams Lake),ITQ-006107R,Itq,2020-02-12,0,2020-02-20,N R Motors Ltd,Prince George,"$8,473.92",2020-02-26,British Columbia,Canada
Procurement Services Branch,Ministry of Transportation and Infrastructure,Supply & Delivery of High Tensile Mesh (Delta),ITQ-006150,Itq,2020-02-14,1,2020-02-24,"Geobrugg North America, LLC",Algodones,"$94,617.60",2020-02-26,New Mexico,United States
Procurement Services Branch,Ministry of Health,Jira Software Upgrade 100 Users (from 25 users),ITQ-006144,Itq,2020-02-20,1,2020-02-24,Softchoice LP,Toronto,"$6,143.20",2020-02-26,Ontario,Canada
Procurement Services Branch,Ministry of Health,JIRA Software Renewal,ITQ-006146,Itq,2020-02-20,1,2020-02-24,Highway Three Solutions (2013) Ltd.,Victoria,"$6,319.95",2020-02-26,British Columbia,Canada
"Ministry of Energy, Mines, and Petroleum Resources","Ministry of Energy, Mines, and Petroleum Resources",Request for Proposals - Go Electric B.C. Public Charger Program,EMPRGECHARGE201903,RFP,2020-01-24,1,2020-02-07,Fraser Basin Council Society,Vancouver,"$5,000,000.00",2020-02-27,British Columbia,Canada
"Ministry of Forests, Lands, Natural Resource Operations and R.D.","Ministry of Forests, Lands, Natural Resource Operations and R.D.",Lytton Fire Base – Electrical System installation,CP20WHQ0129,ITT,2020-02-07,3,2020-02-10,Next Gen Electrical Services Ltd.,Victoria,"$55,200.00",2020-02-27,British Columbia,Canada
"Ministry of Forests, Lands, Natural Resource Operations and R.D.","Ministry of Forests, Lands, Natural Resource Operations and R.D.",Timber Pier Rehabilitation - Bridge N6-104,EN21474-002,ITT,2020-02-12,2,2020-02-20,Celtic Engineering Ltd.,Williams Lake,"$82,500.00",2020-02-27,British Columbia,Canada
"Ministry of Forests, Lands, Natural Resource Operations and R.D.","Ministry of Forests, Lands, Natural Resource Operations and R.D.",Lytton Fire Base - HVAC system installation ,CP20WHQ0128 REV,ITT,2020-02-21,1,2020-02-25,Sunset West Mechanical,Victoria,"$94,879.00",2020-02-27,British Columbia,Canada
"Ministry of Forests, Lands, Natural Resource Operations and R.D.","Ministry of Forests, Lands, Natural Resource Operations and R.D.",Lytton Fire Base - Electrical System Installation,CPWHQ0129 REV,ITT,2020-02-21,1,2020-02-25,Next Gen Electrical Services Ltd.,Victoria,"$55,200.00",2020-02-27,British Columbia,Canada
Procurement Services Branch,Ministry of Environment and Climate Change Strategy,Request for Standing Offer - Plastic Toilet Buildings,ITQ-006087,Itq,2020-01-14,0,2020-01-29,Wishbone Industries Ltd,Langley,$0.00,2020-03-02,British Columbia,Canada
Ministry of Transportation and Infrastructure,Ministry of Transportation and Infrastructure,Transportation Digital Innovation Strategy,MOTI-TI-201912,SRFP,2020-01-15,5,2020-01-20,Deloitte Inc.,Victoria,"$118,000.00",2020-03-02,British Columbia,Canada
Procurement Services Branch,"Ministry of Forests, Lands, Natural Resource Operations and R.D.",Request for Standing Offer Electrolyte Product (NUUN Hydration),ITQ-006129,Itq,2020-02-13,1,2020-02-18,Prototype Integrated Solutions Inc,Milner,$0.00,2020-03-03,British Columbia,Canada
Ministry of Citizens' Services,Ministry of Citizens' Services,Professional Architect-Engineering Assessment Advisory Services,ON-003453,RFP,2020-02-13,8,2020-02-19,O4 Architecture Ltd.,Vancouver,"$286,475.00",2020-03-03,British Columbia,Canada
"Ministry of Forests, Lands, Natural Resource Operations and R.D.","Ministry of Forests, Lands, Natural Resource Operations and R.D.",Gypsy Moth Aerial Eradication Program,1070-30/FH20FHQ319,SRFP,2020-02-11,2,2020-02-19,TWIN AVIATION INC.,Delta,"$226,174.00",2020-03-04,British Columbia,Canada
Procurement Services Branch,Ministry of Citizens' Services,Cisco Network Equipment (Victoria),ITQ-006140,Itq,2020-02-11,0,2020-02-20,Powerland Computers Ltd.,Winnipeg,"$523,269.60",2020-03-04,Manitoba,Canada
Procurement Services Branch,"Ministry of Forests, Lands, Natural Resource Operations and R.D.",Supply & Delivery of DJI Mavic Mini Drones (Victoria),ITQ-006148,Itq,2020-02-13,0,2020-02-21,Visions Electronics Limited Partnership,Calgary,"$7,190.40",2020-03-04,Alberta,Canada
Ministry of Transportation and Infrastructure - Construction,Ministry of Transportation and Infrastructure - Construction,Asphalt Surfacing 2020/21 - Prince George Area Paving,37722MJ0000,MOTITT,2020-02-13,1,2020-02-25,Terus Construction Ltd. Dba Pittman Asphalt,Prince George,"$3,730,977.05",2020-03-04,British Columbia,Canada
Ministry of Agriculture,Ministry of Agriculture,Supplies for Japanese Beetle Project,BS18-21-01,ITQ,2020-02-20,0,2020-02-28,Nutrien,Abbotsford,"$45,650.00",2020-03-04,British Columbia,Canada
Procurement Services Branch,Ministry of Health,Jira Software Upgrade 100 Users (from 25 users),ITQ-006144,Itq,2020-02-20,1,2020-02-24,Highway Three Solutions (2013) Ltd.,Victoria,"$9,369.00",2020-03-04,British Columbia,Canada
Procurement Services Branch,Ministry of Transportation and Infrastructure,Supply and Delivery of Arch Pipe (Fort St John),ITQ-006149,Itq,2020-02-24,3,2020-02-26,Canada Culvert,Langley,"$114,307.20",2020-03-04,British Columbia,Canada
Procurement Services Branch,Ministry of Environment and Climate Change Strategy,Bear Proof Recycling Storage Containter (Wasa),ITQ-006153,Itq,2020-02-24,0,2020-03-02,S C S Steel Container Systems Inc.,Nanaimo,"$15,104.51",2020-03-04,British Columbia,Canada
Procurement Services Branch,Ministry of Environment and Climate Change Strategy,Bear Proof Recycling Storage Containers (Nelson),ITQ-006154,Itq,2020-02-24,0,2020-03-02,S C S Steel Container Systems Inc.,Nanaimo,"$15,104.51",2020-03-04,British Columbia,Canada
Ministry of Agriculture,Ministry of Agriculture,Review of alternatives to traditional meat inspection model,11040,SRFP,2019-12-13,1,2020-01-07,Upland Agricultural Consulting Ltd.,Sechelt,"$19,300.00",2020-03-05,British Columbia,Canada
Ministry of Transportation and Infrastructure,Ministry of Transportation and Infrastructure,Bridge and Pavement Condition Analysis,SRFP-CMB20191210,SRFP,2019-12-23,1,2020-01-09,ISI System Solutions Inc.,Victoria,"$300,000.00",2020-03-05,British Columbia,Canada
Ministry of Transportation and Infrastructure,Ministry of Transportation and Infrastructure,Bridge and Pavement Condition Analysis,SRFP-CMB20191210,SRFP,2019-12-23,1,2020-01-09,McCall Engineering Ltd,Victoria,"$300,000.00",2020-03-05,British Columbia,Canada
"Ministry of Forests, Lands, Natural Resource Operations and R.D.","Ministry of Forests, Lands, Natural Resource Operations and R.D.",Design and Project Management - Penticton Fire Zone,SRFP20HQBCWS001,SRFP,2020-02-11,7,2020-02-12,Think Space Architecture Planning Interior Design,Victoria,"$163,128.00",2020-03-05,British Columbia,Canada
Ministry of Citizens' Services,Ministry of Citizens' Services,Professional Structural Engineering Consulting Services,ON-003458,RFP,2020-02-07,2,2020-02-13,N/A,,$0.00,2020-03-06,,
Procurement Services Branch,Ministry of Environment and Climate Change Strategy,*** RE-QUOTE *** 20 Foot Lake Boat (Williams Lake),ITQ-006102R,Itq,2020-02-25,2,2020-03-02,Cycle North Enterprises Ltd,Prince George,"$89,969.60",2020-03-06,British Columbia,Canada
Procurement Services Branch,Ministry of Environment and Climate Change Strategy,** RE-QUOTE *** Two 18 Foot Lake Boats (Castlegar & Penticton),ITQ-006100R,Itq,2020-02-26,1,2020-03-02,0967977 B.C. Ltd.,Abbotsford,"$126,327.84",2020-03-06,British Columbia,Canada
Procurement Services Branch,"Ministry of Forests, Lands, Natural Resource Operations and R.D.",3600mm x 31.0 m Embedded CSP (Driftwood FSR),ITQ-006155,Itq,2020-02-24,0,2020-03-03,Atlantic Industries Limited,Armstrong,"$46,886.75",2020-03-09,British Columbia,Canada
Ministry of Transportation and Infrastructure - Construction,Ministry of Transportation and Infrastructure - Construction,Replacement of culverts on Dawson Creek in the City of Dawson Cr,35487MJ0000,MOTITT,2020-02-21,4,2020-03-04,Brocor Construction Ltd.,Dawson Creek,"$16,662,348.31",2020-03-10,British Columbia,Canada
Procurement Services Branch,Ministry of Social Development and Poverty Reduction,Redwood Report2Web License Support Renewal,ITQ-006160,Itq,2020-02-26,0,2020-03-06,Redwood Software Inc,Morrisville,"$25,799.00",2020-03-10,North Carolina,United States
Procurement Services Branch,"Ministry of Forests, Lands, Natural Resource Operations and R.D.",JIRA SERVICE DESK ADD-ON TO JIRA CORE FOR 2000 USERS,ITQ-006158,Itq,2020-03-04,4,2020-03-06,Highway Three Solutions (2013) Ltd.,Victoria,"$42,858.90",2020-03-10,British Columbia,Canada
Ministry of Transportation and Infrastructure - Construction,Ministry of Transportation and Infrastructure - Construction,Asphalt surfacing of approx. 32 km of H113. ,37720MJ0000,MOTITT,2020-02-20,0,2020-03-05,Peter’s Bros. Construction Ltd.,Penticton,"$3,675,226.00",2020-03-11,British Columbia,Canada
Ministry of Transportation and Infrastructure - Construction,Ministry of Transportation and Infrastructure - Construction,Asphalt surfacing of approx. 32 km of H113. ,37720MJ0000,MOTITT,2020-02-20,0,2020-03-05,Peter’s Bros. Construction Ltd.,Penticton,"$3,675,226.00",2020-03-11,British Columbia,Canada
Ministry of Citizens' Services,Ministry of Citizens' Services,Professional Consulting Services- Climate Risk Assessment,ON-003457,RFP,2020-02-25,3,2020-02-27,Stantec Consulting Ltd,Vancouver,"$53,929.05",2020-03-12,British Columbia,Canada
"Ministry of Forests, Lands, Natural Resource Operations and R.D.","Ministry of Forests, Lands, Natural Resource Operations and R.D.","SPRING TREE PLANTING – SSS BLOCKS, SELKIRK DISTRICT",PL21DSE001,ITT,2020-02-26,0,2020-03-12,1035449 B.C. Ltd (Beaton Arm Reforestation),Revelstoke,"$53,714.55",2020-03-12,British Columbia,Canada
Procurement Services Branch,Ministry of Citizens' Services,Jira License Renewals and Plug-ins ,ITQ-006167,Itq,2020-03-05,0,2020-03-11,E-Core It Solutions,White Plains,"$8,755.00",2020-03-12,New York,United States
Procurement Services Branch,Ministry of Social Development and Poverty Reduction,Rocket License Support Renewal,ITQ-006162,Itq,2020-02-27,0,2020-03-06,Rocket Software Inc.,Waltham,"$102,119.85",2020-03-13,Massachusetts,United States
"Ministry of Forests, Lands, Natural Resource Operations and R.D.","Ministry of Forests, Lands, Natural Resource Operations and R.D.",DOUGLAS-FIR BEETLE FUNNEL TRAPPING – SOUTH ARROW & KOOTENAY LAKE,FH21DSE001,ITT,2020-02-28,0,2020-03-13,Rosanna Maria Wijenberg dba Blue Mule EcoConsult,Ymir,"$24,020.00",2020-03-13,British Columbia,Canada
Procurement Services Branch,"Ministry of Forests, Lands, Natural Resource Operations and R.D.",UREA AND NITROGEN-SULPHUR FERTILIZERS (VARIOUS LOCATIONS),ITQ-006164,Itq,2020-03-09,1,2020-03-11,Terralink Horticulture Inc,Abbotsford,"$8,320,619.57",2020-03-13,British Columbia,Canada
Ministry of Transportation and Infrastructure,Ministry of Transportation and Infrastructure,Provincial Land Survey Roster,8112018,RQU,2018-11-08,0,2018-12-03,McElhanney Associates Land Surveying Ltd.,Vancouver,"$3,200.00",2020-03-16,British Columbia,Canada
Ministry of Public Safety and Solicitor General,Ministry of Public Safety and Solicitor General,Parenting Plus Program,ACCWPAR0124,SRFP,2020-01-24,0,2020-02-21,The Elizabeth Fry Society of Greater Vancouver,New Westminster,"$35,900.00",2020-03-16,British Columbia,Canada
Ministry of Transportation and Infrastructure - Construction,Ministry of Transportation and Infrastructure - Construction,"Repair and Resurface Lazo Road, adding 1.5 m Paved Shoulders",16849MJ2020,MOTITT,2020-01-31,0,2020-02-26,O.K. Industries Ltd.,Courtenay,"$691,920.00",2020-03-16,British Columbia,Canada
Ministry of Transportation and Infrastructure - Construction,Ministry of Transportation and Infrastructure - Construction,"Repair and Resurface Lazo Road, adding 1.5 m Paved Shoulders",16849MJ2020,MOTITT,2020-01-31,0,2020-02-26,O.K. Industries Ltd.,Courtenay,"$691,920.00",2020-03-16,British Columbia,Canada
"Ministry of Forests, Lands, Natural Resource Operations and R.D.","Ministry of Forests, Lands, Natural Resource Operations and R.D.",Planting Implementation and Silvicultural Surveys ,SU21DQU004,ITT,2020-02-10,1,2020-02-18,1193929 BC Ltd.DBA Gentree Consulting,150 Mile House,"$48,220.19",2020-03-16,British Columbia,Canada
Ministry of Transportation and Infrastructure - Construction,Ministry of Transportation and Infrastructure - Construction,Harrison River Bridge Pier 5 Timber Fender Renewal,12330MJ0002,MOTITT,2020-02-21,3,2020-03-05,Online Constructors Ltd.,Abbotsford,"$1,466,261.00",2020-03-16,British Columbia,Canada
Ministry of Transportation and Infrastructure - Construction,Ministry of Transportation and Infrastructure - Construction,Asphalt Surfacing Highway 3A and Area Side Roads,25051MJ0000,MOTITT,2020-02-28,2,2020-03-10,Terus Construction Ltd. DBA Selkirk Paving,Crescent Valley,"$6,996,805.93",2020-03-16,British Columbia,Canada
Procurement Services Branch,Ministry of Transportation and Infrastructure,Corrugated Steel Pipe (Campbell River),ITQ-006174,Itq,2020-03-09,0,2020-03-16,Canada Culvert,Langley,"$41,467.10",2020-03-16,British Columbia,Canada
Procurement Services Branch,Ministry of Environment and Climate Change Strategy,Supply & Delivery of Type I Picnic Table Leg Sets & Pads,ITQ-006157,Itq,2020-02-26,0,2020-03-05,Leko Pre-cast Ltd,Vernon,"$140,201.46",2020-03-17,British Columbia,Canada
Procurement Services Branch,Ministry of Social Development and Poverty Reduction,Microfocus Maintenance and Support Renewal,ITQ-006168,Itq,2020-03-05,0,2020-03-13,Micro Focus Software Solutions Canada,Ottawa,"$109,598.13",2020-03-17,Ontario,Canada
Procurement Services Branch,Ministry of Citizens' Services,HCL Domino Collaboration Express Licenses and Support,ITQ-006170,Itq,2020-03-05,0,2020-03-13,GlassHouse Systems Inc.,Toronto,"$17,495.86",2020-03-17,Ontario,Canada
Procurement Services Branch,"Ministry of Forests, Lands, Natural Resource Operations and R.D.",Supply & Deliver New Steel Pipe (Cranbrook),ITQ-006173,Itq,2020-03-09,1,2020-03-16,Fission Solutions Inc.,Saskatoon,"$22,080.00",2020-03-17,Saskatchewan,Canada
Procurement Services Branch,Ministry of Attorney General,Hollinger Records Boxes (Vancouver),ITQ-006134R,Itq,2020-03-09,1,2020-03-13,1002384BC LTD,Surrey,"$11,928.00",2020-03-17,British Columbia,Canada
Ministry of Children and Family Development,Ministry of Children and Family Development,Child and Youth Care Worker Program for the South Okanagan,DMA200212,SRFP,2020-02-18,1,2020-03-11,ARC Programs Ltd.,Kelowna,"$146,000.00",2020-03-18,British Columbia,Canada
Procurement Services Branch,Ministry of Social Development and Poverty Reduction,Software AG Software Maintenance & Support Renewal,ITQ-006169,Itq,2020-03-05,0,2020-03-13,"Software AG, Inc",Reston,"$148,305.74",2020-03-18,Virginia,United States
"Ministry of Forests, Lands, Natural Resource Operations and R.D.","Ministry of Forests, Lands, Natural Resource Operations and R.D.",Maintenance and Management of Begbie Falls Recreation Fee Site,PA20-DCO-031,RFP,2020-02-12,0,2020-03-09,Cedar and Spruce Consulting,Revelstoke,$0.00,2020-03-19,British Columbia,Canada
"Ministry of Forests, Lands, Natural Resource Operations and R.D.","Ministry of Forests, Lands, Natural Resource Operations and R.D.",Economic Impacts of Ocean Sectors in Pacific Canada,GS20NAN1500,RFP,2020-02-13,1,2020-02-21,Big River Analytics Ltd.,Terrace,"$147,000.00",2020-03-19,British Columbia,Canada
Ministry of Transportation and Infrastructure - Construction,Ministry of Transportation and Infrastructure - Construction,"Hot-In-Place recycling, Hwy 97/Hwy 6 Vernon and Falkland Area",25082MJ0000,MOTITT,2020-02-28,0,2020-03-17,Green Roads Recycling Ltd.,Fernie,"$5,885,072.25",2020-03-19,British Columbia,Canada
Ministry of Transportation and Infrastructure - Construction,Ministry of Transportation and Infrastructure - Construction,"Hot-In-Place recycling, Hwy 97/Hwy 6 Vernon and Falkland Area",25082MJ0000,MOTITT,2020-02-28,0,2020-03-17,Green Roads Recycling Ltd.,Fernie,"$5,885,072.25",2020-03-19,British Columbia,Canada
Procurement Services Branch,Ministry of Social Development and Poverty Reduction,Informatica Software Maintenance and Support Renewal,ITQ-006176,Itq,2020-03-10,0,2020-03-18,Informatica LLC,Redwood City,"$90,528.36",2020-03-19,California,United States
Procurement Services Branch,Ministry of Transportation and Infrastructure,SUPPLY & DELIVERY OF KENWOOD PORTABLE & MOBILE RADIOS (SURREY),ITQ-006175,Itq,2020-03-10,1,2020-03-17,Victoria Mobile Radio Ltd,Victoria,"$22,120.00",2020-03-19,British Columbia,Canada
Procurement Services Branch,Ministry of Citizens' Services,Splunk Enterprise Support Renewal,ITQ-006171,Itq,2020-03-12,1,2020-03-16,CDW Canada Inc,Etobicoke,"$14,602.68",2020-03-19,Ontario,Canada
Procurement Services Branch,Ministry of Citizens' Services,Jira License Renewals and Plug-ins ,ITQ-006167,Itq,2020-03-05,0,2020-03-11,Highway Three Solutions (2013) Ltd.,Victoria,"$15,458.10",2020-03-20,British Columbia,Canada
Procurement Services Branch,"Ministry of Forests, Lands, Natural Resource Operations and R.D.",Concrete Interlocking Blocks (various locations),ITQ-006172,Itq,2020-03-09,0,2020-03-17,Terus Construction Ltd,Crescent Valley,"$61,213.05",2020-03-20,British Columbia,Canada
Procurement Services Branch,Ministry of Citizens' Services,JIRA and Confluence Support Renewal,ITQ-006179,Itq,2020-03-12,0,2020-03-19,Highway Three Solutions (2013) Ltd.,Victoria,"$17,686.20",2020-03-20,British Columbia,Canada
Procurement Services Branch,Ministry of Citizens' Services,IBM WebSphere Support Renewal,ITQ-006159,Itq,2020-02-26,0,2020-03-05,Softchoice LP,Toronto,"$85,977.45",2020-03-23,Ontario,Canada
Ministry of Transportation and Infrastructure - Construction,Ministry of Transportation and Infrastructure - Construction,Replacement of Gold Creek Bridge and Geikie Bridge No. 1,37452MJ0001,MOTITT,2020-03-03,3,2020-03-10,Formula Contractors Ltd.,Prince George,"$5,400,000.00",2020-03-23,British Columbia,Canada
Ministry of Public Safety and Solicitor General,Ministry of Public Safety and Solicitor General,Indigenous Liaison Worker,SRFPKRCC11165,SRFP,2020-03-10,2,2020-03-17,Asini'atik Cultural Services,Pinantan Lake,"$83,000.00",2020-03-23,British Columbia,Canada
Procurement Services Branch,Ministry of Citizens' Services,Symantec Data Encryption Support Renewal (Victoria),ITQ-006178,Itq,2020-03-11,0,2020-03-18,Codework Inc.,Ottawa,"$62,506.50",2020-03-23,Ontario,Canada
Procurement Services Branch,Ministry of Citizens' Services,Citrix Virtual Apps Advanced Edition License Renewal,ITQ-006181,Itq,2020-03-13,0,2020-03-20,Citrix Systems Inc.,Fort Lauderdale,"$95,030.00",2020-03-23,Florida,United States
"Ministry of Forests, Lands, Natural Resource Operations and R.D.","Ministry of Forests, Lands, Natural Resource Operations and R.D.",Gypsy Moth Eradication Ground Support 2020,1070-30/FH20FHQ334,ITT,2020-02-13,1,2020-02-28,WOODSTOCK MANAGEMENT INC.,Nanaimo,"$48,000.00",2020-03-25,British Columbia,Canada
Ministry of Public Safety and Solicitor General,Ministry of Public Safety and Solicitor General,SFRP for Lifeskills Worker at Surrey Pretrial Sevices Centre,SPSCLIF2001,SRFP,2020-02-13,0,2020-03-06,Pacific Women's Services Center,White Rock,$0.00,2020-03-25,British Columbia,Canada
Ministry of Transportation and Infrastructure - Construction,Ministry of Transportation and Infrastructure - Construction,Rock Slope Stabilization,86002MJ0248,MOTITT,2020-02-25,0,2020-03-17,Dynamite Construction Ltd.,Kamloops,"$585,560.00",2020-03-25,British Columbia,Canada
Ministry of Transportation and Infrastructure - Construction,Ministry of Transportation and Infrastructure - Construction,Rock Slope Stabilization,86002MJ0248,MOTITT,2020-02-25,0,2020-03-17,Dynamite Construction Ltd.,Kamloops,"$585,560.00",2020-03-25,British Columbia,Canada
Ministry of Public Safety and Solicitor General,Ministry of Public Safety and Solicitor General,SFRP for a Community Reintegration Worker at Surrey Pretrial,SPSCCOM2001,SRFP,2020-02-26,1,2020-03-06,Pacific Women's Services,White Rock,$0.00,2020-03-25,British Columbia,Canada
Ministry of Transportation and Infrastructure - Construction,Ministry of Transportation and Infrastructure - Construction,Intermittent Asphalt Surfacing Hwy 97 McLeese Lake to Dale Lake,25093MJ0000,MOTITT,2020-03-04,2,2020-03-19,Key-West Asphalt (333) Ltd.,Surrey,"$7,322,603.00",2020-03-25,British Columbia,Canada
Procurement Services Branch,Ministry of Attorney General,Hollinger Records Boxes (Vancouver),ITQ-006134R,Itq,2020-03-09,1,2020-03-13,Hollinger Metal Edge Inc.,FREDERICKSBURG,"$7,455.00",2020-03-25,Virginia,United States
Ministry of Environment and Climate Change Strategy,Ministry of Environment and Climate Change Strategy,Dover Trail Upgrade and  Viewing Platform Construction ,CP21SME003,ITQ,2020-03-11,1,2020-03-12,Mark Yaroshuk dba Longhouse Construction,Queen Charlotte,"$44,105.00",2020-03-25,British Columbia,Canada
Ministry of Transportation and Infrastructure - Construction,Ministry of Transportation and Infrastructure - Construction,"Deck Resurface, Athalmer, Carbon Cr., Fort Steele & Little Fairy",24977MJ0000,MOTITT,2020-03-12,1,2020-03-18,DCL Construction Services Ltd.,Calgary,"$2,560,822.00",2020-03-25,Alberta,Canada
Procurement Services Branch,Ministry of Transportation and Infrastructure,ZOHO Manage Engine Renewal (Victoria),ITQ-006184,Itq,2020-03-16,0,2020-03-24,ZOHO Corporation,Pleasanton,"$4,027.50",2020-03-25,California,United States
Procurement Services Branch,Ministry of Health,MicroStrategy Annual Maintenance & Support Renewal (Victoria),ITQ-006183,Itq,2020-03-16,0,2020-03-24,MicroStrategy Services Corporation,Tysons Corner,"$94,213.66",2020-03-25,Virginia,United States
Procurement Services Branch,"Ministry of Forests, Lands, Natural Resource Operations and R.D.",TELEX IP EQUIPMENT (VICTORIA),ITQ-006185,Itq,2020-03-19,0,2020-03-24,Cartel Communication Systems Inc,Langley,"$63,934.08",2020-03-25,British Columbia,Canada
Ministry of Transportation and Infrastructure - Construction,Ministry of Transportation and Infrastructure - Construction,Cortiana Bridge Construction and Approaches,24798MJ0001,MOTITT,2020-03-06,3,2020-03-19,Coquitlam Ridge Constructors Ltd.,Surrey,"$3,775,617.85",2020-03-26,British Columbia,Canada
Procurement Services Branch,Ministry of Citizens' Services,Agisoft Metashape Professional license,ITQ-006180,Itq,2020-03-18,0,2020-03-25,Cansel Survey Equipment Inc.,Burnaby,"$29,625.79",2020-03-26,British Columbia,Canada
"Ministry of Forests, Lands, Natural Resource Operations and R.D.","Ministry of Forests, Lands, Natural Resource Operations and R.D.",FOREST SERVICE ROAD MAINTENANCE SKEENA STIKINE NATURAL RESOURCE ,EN21DSS002,ITT,2020-03-10,0,2020-03-27,West Horizon Contracting Inc,Victoria,"$65,345.50",2020-03-27,British Columbia,Canada
"Ministry of Forests, Lands, Natural Resource Operations and R.D.","Ministry of Forests, Lands, Natural Resource Operations and R.D.",MAINTENANCE OF THE SUSKWA FSR & SUSKWA MORICETOWN FSR - Skeena,EN21DSS001,ITT,2020-03-12,2,2020-03-27,West Horizon Contracting Inc,Smithers,"$55,860.00",2020-03-27,British Columbia,Canada
"Ministry of Forests, Lands, Natural Resource Operations and R.D.","Ministry of Forests, Lands, Natural Resource Operations and R.D.","Bridge Design, Supply & Install 61-215 at 6.15km Pan Crossig FSR",EN21474-003,ITT,2020-03-19,3,2020-03-24,Heavy Metal Marine Ltd.,Shawnigan Lake,"$1,075,972.00",2020-03-27,British Columbia,Canada
Procurement Services Branch,Ministry of Citizens' Services,IBM HACP (Personal Communications) Support Renewal,ITQ-006188,Itq,2020-03-20,0,2020-03-26,GlassHouse Systems Inc.,Toronto,"$12,882.24",2020-03-27,Ontario,Canada
Procurement Services Branch,Ministry of Citizens' Services,CA API Gateway Support Renewal (Prod and Non-Prod),ITQ-006186,Itq,2020-03-24,2,2020-03-26,"CA, Inc",San Jose,"$39,425.00",2020-03-27,California,United States
Ministry of Transportation and Infrastructure,Ministry of Transportation and Infrastructure,Provincial Land Survey Roster,8112018,RQU,2018-11-08,0,2018-12-03,Terra-Pacific Land Surveying Ltd.,Maple Ridge,"$2,500.00",2020-03-30,British Columbia,Canada
"Ministry of Energy, Mines, and Petroleum Resources","Ministry of Energy, Mines, and Petroleum Resources",CleanBC Better Homes - Low-Interest Financing,10707,RFP,2019-09-16,7,2019-09-23,FINANCEIT CANADA INC.,Toronto,$0.00,2020-03-30,Ontario,Canada
Ministry of Transportation – Highway Maintenance,Ministry of Transportation – Highway Maintenance,SRFP for Highway Maintenance Contract Advisory Services,HMCA-01-2020,SRFP,2020-02-19,0,2020-03-04,Black Wolf Consulting Inc,Summerland,"$80,000.00",2020-03-30,British Columbia,Canada
Ministry of Environment and Climate Change Strategy,Ministry of Environment and Climate Change Strategy,RFP-IS20IIT027 Natural Gas Pricing System,RFP-IS20IIT027,RFP,2019-12-11,2,2020-01-06,Salus Systems Limited,Victoria,"$75,000.00",2020-03-31,British Columbia,Canada
"Ministry of Energy, Mines, and Petroleum Resources","Ministry of Energy, Mines, and Petroleum Resources",Request for Proposals Go Electric Commercial Vehicle Program,EMPRGECV201904,RFP,2020-02-18,6,2020-02-20,MNP LLP,Vancouver,"$6,000,000.00",2020-03-31,British Columbia,Canada
Procurement Services Branch,"Ministry of Forests, Lands, Natural Resource Operations and R.D.",Supply & Deliver New Steel Pipe (Cranbrook),ITQ-006173,Itq,2020-03-09,1,2020-03-16,TXN Installations Ltd.,Invermere,"$28,652.41",2020-03-31,British Columbia,Canada
Procurement Services Branch,Ministry of Citizens' Services,Splunk Enterprise Support Renewal,ITQ-006171,Itq,2020-03-12,1,2020-03-16,CDW CANADA CORP.,Toronto,"$14,602.68",2020-03-31,Ontario,Canada
Procurement Services Branch,Ministry of Citizens' Services,CISCO 10GBASE MODULES (VICTORIA),ITQ-006187,Itq,2020-03-20,0,2020-03-26,Telus Communications Inc.,Victoria,"$3,611.06",2020-03-31,British Columbia,Canada
Procurement Services Branch,Ministry of Citizens' Services,AccuRoute Support Renewal,ITQ-006189,Itq,2020-03-25,0,2020-03-30,"Upland Software, Inc.",Austin,"$12,734.00",2020-03-31,Texas,United States
